author_num,author_id
1,MLEHMANN
2,DAGOLDEN
3,DUNCAND
4,TYPESTER
5,AREIBENS
6,ROBL
7,TELS
8,MCMAHON
9,NOKY
10,DONGXU
11,DANBERR
12,RGARCIA
13,HMBRAND
14,HOLBROOK
15,RUZ
16,KIRSLE
17,MSCHILLI
18,DROLSKY
19,LYOKATO
20,AGENT
21,SRI
22,RJBS
23,MDXI
24,DCOPPIT
25,EVANZS
26,CEESHEK
27,AMBS
28,PMQS
29,SCESANO
30,AUTRIJUS
31,GAFFIE
32,RMORIZ
33,JV
34,PIERS
35,FELIXL
36,AGRUNDMA
37,DMUEY
38,DVDPOL
39,PERIGRIN
40,NANARDON
41,BCT
42,MITTI
43,MARKSTOS
44,KADOS
45,NICOLAW
46,ESSKAR
47,JASONK
48,TSCH
49,LUKEC
50,JSIRACUSA
51,PATL
52,TEEJAY
53,ADAMK
54,SEVA
55,KWILLIAMS
56,GLENSMALL
57,NACHBAUR
58,KJETILK
59,FITZNER
60,CLKAO
61,MFERRIS
62,DMOW
63,GUGOD
64,CWINTERS
65,PIP
66,MAXSCHUBE
67,SEANQ
68,DJBURKE
69,KAKE
70,GMPASSOS
71,SCHWIGON
72,PARDUS
73,ILYAZ
74,SAMV
75,TPEDERSE
76,DOMIZIO
77,MIKER
78,GAVINC
79,ARTURAZ
80,TQISJIM
81,JDIEPEN
82,MTHURN
83,LAMECH
84,NEMUX
85,FGLOCK
86,BPOSTLE
87,ALLENDAY
88,JOUKE
89,BRICAS
90,WGDAVIS
91,RRWO
92,RCLAMP
93,RSCHUPP
94,TOMI
95,SIMON
96,DANIEL
97,CMUNGALL
98,MEWP
99,SEN
100,JRED
101,MSIMERSON
102,JEROMEMCK
103,BSI
104,SALVA
105,ZBY
106,HORIUCHI
107,FOOLFISH
108,KOSTYA
109,MIKEM
110,BOWMANBS
111,NUFFIN
112,RPETTETT
113,IGUTHRIE
114,MBARBON
115,CLIFFORDJ
116,REDTREE
117,MARKLE
118,BEECEE
119,VIDUL
120,MDOOTSON
121,CLOTHO
122,MIKAGE
123,DMAKI
124,JLAPEYRE
125,COSIMO
126,GBROWN
127,MIRK
128,JFRIEDL
129,TBUSCH
130,MACKERS
131,FOTANGO
132,ASCOPE
133,LEIFJ
134,FMERGES
135,DOMM
136,XANTUS
137,KANE
138,MLAWREN
139,CAPTTOFU
140,OVID
141,SLANNING
142,CHOCOLATE
143,MALETIN
144,GEOFF
145,INGY
146,DREE
147,JJORE
148,SHLOMIF
149,ARJAY
150,DAVEBAIRD
151,FLORA
152,IVAN
153,REITER
154,NATHANL
155,ROBERTMAY
156,AAKHTER
157,MAXDB
158,SREZIC
159,AWWAIID
160,DHAGEMAN
161,SCHUBIGER
162,APOCAL
163,DCANTRELL
164,RMCFARLA
165,SUNGO
166,SMPETERS
167,SGOELDNER
168,AQUMSIEH
169,DTIBERIO
170,JRENNIE
171,DLAND
172,JERESIG
173,TOBEYA
174,CANGELL
175,JOSHR
176,RUBYKAT
177,KAHN
178,JESSE
179,EROB
180,UKSZA
181,VKON
182,OPI
183,CLACO
184,JETTERO
185,BTROTT
186,DMCBRIDE
187,SHY
188,STAS
189,PRATH
190,CPB
191,BEAU
192,TIMA
193,EYCK
194,BARBIE
195,FDULAU
196,BOSU
197,FALCAO
198,WONKO
199,WSMITH
200,TPG
201,CRAKRJACK
202,MRDVT
203,FUZZ
204,BLBLACK
205,GPHAT
206,TKISHEL
207,DAZJORZ
208,ERMEYERS
209,PHILCROW
210,LAMPRECHT
211,WSNYDER
212,SEANO
213,ROHAN
214,ICD
215,KARMAN
216,SENDU
217,GOMOR
218,MARKOV
219,BOOK
220,MRAMBERG
221,DCONWAY
222,SFLEX
223,LEIF
224,JAYWHY
225,THHAMON
226,BSDZ
227,BDFOY
228,TEMPALTE
229,EWILHELM
230,LUISMUNOZ
231,SONDBERG
232,LUSHE
233,CFABER
234,ERWAN
235,MAVERICK
236,SKI
237,RLB
238,KEVINJ
239,LEOCHARRE
240,GAAL
241,JROCKWAY
242,DOMQ
243,TAKERU
244,NEKOKAK
245,ANDYA
246,SISYPHUS
247,VVU
248,MUIR
249,SPARSONS
250,KORTY
251,DOM
252,NILSONSFJ
253,PERLER
254,JIRO
255,MISHOO
256,MITHALDU
257,ASPEER
258,FANGLY
259,INA
260,DRBEAN
261,LESPEA
262,REHSACK
263,LIFEGUARD
264,MLANIER
265,MART
266,JASALOMON
267,REEDFISH
268,SSCAFFIDI
269,MSCHOUT
270,MJGARDNER
271,CNANGEL
272,TEODOR
273,UGEXE
274,BINGOS
275,MKUTTER
276,JOHND
277,MAROS
278,RSRCHBOY
279,MBROOKS
280,VINSWORLD
281,DHOSS
282,FILIN
283,PLU
284,MICHAEL
285,BTMCINNES
286,GHENRY
287,SHAY
288,XENOCIDE
289,BRAMBLE
290,TIMB
291,JHELWIG
292,HINRIK
293,RIZEN
294,GENE
295,JAMES
296,NPEREZ
297,JAYK
298,ROSCH
299,SUNNAVY
300,VVELOX
301,MIYAGAWA
302,SJN
303,JPIERCE
304,CSR
305,TODDR
306,NEVESENIN
307,GRIAN
308,CARLOSFB
309,RGARTON
310,LICHTKIND
311,OPITZ
312,DINGZEZHU
313,WRATH
314,OLLY
315,BOBTFISH
316,PSHANGOV
317,AHERNIT
318,PLAVEN
319,DWRIGHT
320,TOBYINK
321,NIKOSV
322,PYTHIAN
323,SKUBOTA
324,IVANWILLS
325,MARNANEL
326,OLIMAUL
327,JHANNAH
328,ANAK
329,ERNESTO
330,WNEESSEN
331,SCIO
332,XERXES
333,TLINDEN
334,YVESAGO
335,DOTTK
336,AGORMAN
337,BENNIE
338,UNIFIEDSW
339,TADAM
340,AMIRI
341,KCHAITAN
342,STEFANOS
343,MELEZHIK
344,GWILLIAMS
345,RENEEB
346,CTBROWN
347,LGODDARD
348,DODGER
349,SREAGLE
350,PFEIFFER
351,RKRIMEN
352,TEDDY
353,LEEDO
354,FUJISAWA
355,GOSHA
356,GUGU
357,SIXTEASE
358,AWNCORP
359,DAVID
360,LIOSHA
361,POWERMAN
362,SSCHNEID
363,CHISEL
364,KITANO
365,ISILLITOE
366,FRANKCOX
367,EKAWAS
368,XSAWYERX
369,JSWARTZ
370,HOLLY
371,ECARROLL
372,ROOTKWOK
373,FREQUENCY
374,JQUELIN
375,YAMAKURA
376,JENDA
377,VICTORF
378,RKOBES
379,DAVECROSS
380,JAKOBI
381,CJFIELDS
382,SAXJAZMAN
383,APLA
384,MITHUN
385,DFIELDING
386,BHANN
387,XANT
388,JESSESTAY
389,WREIS
390,CJCOLLIER
391,GSIEMS
392,JESUS
393,LBROCARD
394,BLX
395,JEFFERY
396,YANNK
397,ROMANF
398,LEGART
399,CORNELIUS
400,SYMKAT
401,FARHADM
402,RANDIR
403,BHALLISSY
404,SHAW
405,SHANTANU
406,BUDNEY
407,AELSE
408,XENU
409,AUDREYT
410,KMX
411,BLHOTSKY
412,ANELSON
413,PAWAPAWA
414,NJWALKER
415,SONNY
416,AZAWAWI
417,DBB
418,OLIVER
419,LORN
420,DANJOU
421,LMASARA
422,ANDK
423,REVMISCHA
424,ROCKY
425,AYANOKOUZ
426,BRADH
427,MSPERL
428,BHEISIG
429,JTANG
430,ALEVENSO
431,DBMOLESTA
432,JMERELO
433,LECSTOR
434,NYAKNYAN
435,SMIRNIOS
436,PNU
437,JOHANL
438,GREENPAU
439,ZEROLIU
440,BGILLS
441,DDUMONT
442,OPERA
443,FALCONE
444,NIERLEIN
445,ARTHAS
446,NIGELM
447,SADAHIRO
448,JETEVE
449,HALKEYE
450,KXJ
451,JHTHORSEN
452,TFRAYNER
453,ERINSPICE
454,DOLMEN
455,RGE
456,HERNAN
457,DRTECH
458,ALBERS
459,TEAM
460,TWILDE
461,RBUELS
462,BILLH
463,SARTAK
464,DOY
465,MADCAT
466,DKG
467,PGRINBERG
468,YOSHIMI
469,SHMORIMO
470,LRR
471,CSJEWELL
472,RAPHINK
473,SGERSTEN
474,CVEGA
475,JSOBRIER
476,WOLDRICH
477,ISHIGAKI
478,STELLAR
479,FAYLAND
480,SZABGAB
481,WILSOND
482,IBMTORDB2
483,ROBIN
484,DSCHOEN
485,DAPM
486,MICHEL
487,DAVAZ
488,AAYARS
489,GFUJI
490,CAMELCASE
491,CBERRY
492,SJSOFT
493,JDV
494,NOBJAS
495,EGOR
496,BERLE
497,RWSTAUNER
498,KRYDE
499,RIBASUSHI
500,ABALAMA
501,MURUGU
502,DUNCS
503,JAWNSY
504,WOLVERIAN
505,SAKOHT
506,ARICH
507,MROZ
508,YFLIU
509,ALEXBIO
510,NGS
511,CYCLES
512,FREDERICD
513,NNUTTER
514,AXIAK
515,BRUMMETT
516,KENTARO
517,VCRINI
518,MBP
519,PRBRENAN
520,BUNDACIA
521,GROMMEL
522,HENDRIKS
523,DIZ
524,JZOBEL
525,RAPMANKIN
526,BASTIAN
527,NKH
528,KTHAKORE
529,MUJI
530,PJB
531,JASONMAY
532,MFROST
533,MDORMAN
534,STSANDER
535,DROBERTS
536,FREW
537,ASNMTAP
538,SPANG
539,PDONELAN
540,RURBAN
541,PEVANS
542,BGAY
543,ROHANK
544,MARSAB
545,ALFIE
546,MSULLAND
547,JCRISTY
548,CREAMYG
549,ARJUNS
550,BKLAAS
551,YAITSKOV
552,CLADI
553,AFLOTT
554,CHENGANG
555,XENO
556,VIKAS
557,MELO
558,HATA
559,NVBINDING
560,RSIMOES
561,STEVAN
562,TATENO
563,ELLIOTJS
564,QUATRIX
565,MDIETRICH
566,MWS
567,HDAICHI
568,JKISTER
569,FRAJULAC
570,SENGER
571,COLLINS
572,JSTENZEL
573,GEHIC
574,PSYON
575,BDWELLE
576,CDAWSON
577,DELON
578,JDB
579,JSIMPSON
580,MOB
581,HASSEILY
582,FUJIMURA
583,INGRIF
584,HOOO
585,EBASSI
586,RTFIREFLY
587,KTAT
588,ZAPHAR
589,MML
590,AVIF
591,ASHLEY
592,ANAGHAKK
593,JSHIRLEY
594,HANK
595,INGHAM
596,ATOURBIN
597,RBDAVISON
598,KNTH
599,ITUB
600,LIMAONE
601,CCOBB
602,JCAP
603,DAUNAY
604,PARTICLE
605,ASKADNA
606,MITREHC
607,AVAR
608,PHRED
609,EDPRATOMO
610,MNOONING
611,RIDDLE
612,HACKER
613,GRAY
614,JACQUELIN
615,GRANTG
616,ANGUSLEES
617,SAL
618,CHRMUE
619,ELMEX
620,MJEVANS
621,MHASCH
622,RICKM
623,GWYN
624,BMORROW
625,CML
626,ZARQUON
627,SUKRIA
628,GROUSSE
629,OALDERS
630,DJERIUS
631,JBURNETT
632,ANDREWF
633,GTERMARS
634,FORTY
635,EIDOLON
636,RKAPL
637,JKAMPHAUS
638,MIKI
639,YANICK
640,SMUELLER
641,MIKE
642,YARON
643,NIGAM
644,MSCHWERN
645,LISCOVIUS
646,SULLR
647,MANOJKG
648,CDOLAN
649,SUZUKI
650,CODECHILD
651,MAHNKONG
652,TOKUHIROM
653,KURIHARA
654,WURST
655,GROMMIER
656,YUSUKEBE
657,BENAZZO
658,ARUL
659,SNAFUFANS
660,MARKWKM
661,KNORR
662,TURNSTEP
663,FCO
664,BRIANSKI
665,SAPER
666,RSOLIV
667,LAJANDY
668,MSTROUT
669,JGOULAH
670,PJFL
671,RBOW
672,SFARRELL
673,JANPAZ
674,ULPFR
675,JOHNH
676,MAHEX
677,JWIED
678,BRIAN
679,KJALB
680,HIGHTOWE
681,GBARR
682,TYEMQ
683,FPIVARI
684,AWRIGLEY
685,DOUGM
686,GSAR
687,CNANDOR
688,ABARCLAY
689,MSOLOMON
690,NI-S
691,DJBECKETT
692,GLENNWOOD
693,DAVEROTH
694,RAM
695,GSM
696,JBAKER
697,STBEY
698,ABW
699,MJD
700,GABOR
701,BRIANSP
702,GAAS
703,GBAUER
704,BSUGARS
705,JPRIT
706,DEWEG
707,GRICHTER
708,MHM
709,ACH
710,KENFOX
711,HTOUG
712,CHTTRAX
713,HAYASHI
714,MSCHWARTZ
715,MICB
716,ABH
717,JOHNL
718,SPURKIS
719,NWINT
720,YLU
721,JACKS
722,SWMCD
723,CHIPS
724,ERYQ
725,LDS
726,SKIMO
727,NEMWS
728,SBECK
729,JDUNCAN
730,TOMC
731,MIKEH
732,LUTHERH
733,NEILB
734,LUSOL
735,DMR
736,TOMFA
737,FSG
738,JARW
739,BENLI
740,ADESC
741,WINKO
742,ASHER
743,DMEGG
744,HPALM
745,JONG
746,KGB
747,ANDYD
748,LEAKIN
749,DJKERNEN
750,JONAS
751,DOUGL
752,GREGOR
753,DMUSGR
754,PRATZLAFF
755,TOBIX
756,MSERGEANT
757,JHORWITZ
758,SCHOEN
759,AEPAGE
760,WOODY
761,REATMON
762,DBRIAN
763,EESTABROO
764,STIGMATA
765,MSCROGGIN
766,ERNGUI
767,GOZER
768,KNOK
769,CKAISER
770,ANDYDUNC
771,TAIY
772,JSLAGEL
773,SEYN
774,BINKLEY
775,GSLONDON
776,JTOBEY
777,JPEACOCK
778,KNIGHT
779,FONKIE
780,TBONE
781,KRBURTON
782,JSMYSER
783,RBS
784,DSB
785,JHI
786,SUMMER
787,JHARDING
788,DANB
789,MATTMK
790,SCHOP
791,BRADAPP
792,TURNERA
793,PFRANCEUS
794,AGUL
795,MIKEKING
796,VIZDOM
797,CHAMAS
798,JJDG
799,RWAHBY
800,AWOOD
801,DJPADZ
802,JMAC
803,METZZO
804,ILYAM
805,DJBERG
806,ASTILLER
807,AJACKSON
808,RVSUTHERL
809,SMEE
810,JASONS
811,FIMM
812,IGREC
813,OEVANS
814,REDEN
815,PGUEN
816,APPEL
817,DLEIGH
818,CTWETEN
819,ISTERIN
820,PINYAN
821,MSTEVENS
822,MBLAZ
823,TBRAUN
824,YEWEI
825,MCASHNER
826,MSROTH
827,KWITKNR
828,DAOT
829,PMH
830,ADIRAJ
831,VOISCHEV
832,RJRAY
833,IFROL
834,PLONKA
835,ACALPINI
836,RFOLEY
837,FOOF
838,EHOOD
839,DYACOB
840,TOMZO
841,PMOORE
842,CJOHNSTON
843,TJMATHER
844,THOGEE
845,SBURKE
846,PHOENIX
847,DARNOLD
848,MADWOLF
849,RSPIER
850,WIMV
851,KHAMPTON
852,LDACHARY
853,CCZ
854,JSTOWE
855,RKIES
856,VIPUL
857,MILSO
858,PJORDAN
859,STEPHEN
860,JEFFA
861,FERGUSOR
862,RRS
863,DANKOGAI
864,COLINM
865,LOGVINON
866,JHELBERG
867,DSUGAL
868,CERNEY
869,NEILW
870,IX
871,KIMURA
872,PVERD
873,KRAEHE
874,DLUX
875,TWIBBLER
876,AMICHAUER
877,AJPEACOCK
878,SHLOMOY
879,RSAVAGE
880,BBRYANT
881,SIMONW
882,NWCLARK
883,WPMOORE
884,ALIAN
885,AMS
886,ESUMMERS
887,DAVEO
888,GRAHAMC
889,RPOLZER
890,MHOSKEN
891,BOBG
892,MERGL
893,SUTCH
894,DIDO
895,ROBBIEBOW
896,KERR
897,KEVIN
898,FISH
899,TATE
900,ARNHEMCR
901,BFOZ
902,KAORU
903,EHSANE
904,DAMOG
905,IFUSCHINI
906,GRUBER
907,AULUSOY
908,CYGA
909,DONEILL
910,POTYL
911,ZORDRAK
912,SUNTONG
913,DAMJANP
914,JKEGL
915,CLAESJAC
916,HANENKAMP
917,KIMOTO
918,AML
919,RBERJON
920,HKCLARK
921,SHARDIWAL
922,NSHARROCK
923,GIRAFFED
924,GANGLION
925,CDRAKE
926,DKASAK
927,DORIAN
928,MGRAHAM
929,MINGYILIU
930,ECALDER
931,KOHLIS
932,ELIZABETH
933,MORGOTHII
934,HSTEEB
935,LOCATION
936,ADRIANWIT
937,DPETROV
938,CFAERBER
939,CCOLBOURN
940,JONIONS
941,EDD
942,OCTO
943,BDONLAN
944,KINZLER
945,TSUKAMOTO
946,NAUGHTON
947,CLSUNG
948,JCROMIE
949,JWALT
950,LINMAR
951,RUDY
952,KILINRAX
953,KAARE
954,KESTER
955,RHIZO
956,ALANSZ
957,IVORW
958,NMCFARL
959,TAG
960,OFEYAIKON
961,EIJABB
962,ROODE
963,ELLIPSE
964,RDICE
965,PBOWEN
966,JHOBLITT
967,MAREKR
968,ECKARDT
969,VPARSEVAL
970,IWALZ
971,HTCHAPMAN
972,DBROBINS
973,STEFFENW
974,LINSALROB
975,EMARTIN
976,GUIDO
977,EVDB
978,IJLIAO
979,AERDAN
980,CAPOEIRAB
981,DJO
982,MNDRIX
983,MLFISHER
984,LEMBARK
985,DHUNT
986,JUDITH
987,SJZASADA
988,AWKAY
989,TOMSON
990,NJH
991,RHESA
992,AGROLMS
993,MARTING
994,MMCGILLIS
995,AKIMOV
996,ELLIOTT
997,BLM
998,JOESUF
999,KGRENNAN
1000,AJOLMA
1001,THALJEF
1002,JSTRAUSS
1003,OESTERHOL
1004,SABECK
1005,SOFTDIA
1006,FLUFFY
1007,RST
1008,SDERLE
1009,TVIERLING
1010,CDENT
1011,EWIJAYA
1012,CORION
1013,KARASIK
1014,GMG
1015,HBABCOCK
1016,RJE
1017,AMALTSEV
1018,DBROWNING
1019,PICZ
1020,FREESIDE
1021,JPVIDAL
1022,DHARDISON
1023,ROGER
1024,DALCAZAR
1025,DIRT
1026,STRYTOAST
1027,PETDANCE
1028,DCASTRO
1029,ILIAL
1030,KING
1031,GKNAUSS
1032,SVANZOEST
1033,MCURTIS
1034,BSHANKS
1035,MARTIJN
1036,IWOODHEAD
1037,CCPRO
1038,JDALBERG
1039,DESPAIR
1040,KOKOGIKO
1041,WROSS
1042,RCAPUTO
1043,SPADKINS
1044,GEOTIGER
1045,PEDWARDS
1046,TWYLIE
1047,TJENNESS
1048,CCAVNOR
1049,INFINOID
1050,HOYMICH
1051,MARKPF
1052,RVOSA
1053,SPECTRUM
1054,SOCK
1055,YOSHIDA
1056,WORM
1057,AFN
1058,CHENYR
1059,ANTHONYU
1060,AHOYING
1061,TOMYHERO
1062,MIZZY
1063,MMATHEWS
1064,APLONIS
1065,MWARDELL
1066,TANGENT
1067,TIGRIS
1068,MIROD
1069,TINITA
1070,PLOBBES
1071,BRYCE
1072,PMEVZEK
1073,HDM
1074,ZIGOROU
1075,ELEONORA
1076,ZEV
1077,DIBERRI
1078,RPAGITSCH
1079,MEYEAARD
1080,CGUINE
1081,KBAUCOM
1082,MAKAROW
1083,UNOBE
1084,PTINSLEY
1085,WHITEB
1086,JONASBN
1087,CJONES
1088,BIGPRESH
1089,HOOWA
1090,BROCKMD
1091,MATTN
1092,RPHANEY
1093,SPROUT
1094,TBR
1095,TWITTEK
1096,UKOLOFF
1097,YAMATO
1098,SREEKANTH
1099,JMURPHY
1100,RSE
1101,TRIAS
1102,SMPILL
1103,WATANABE
1104,JAKE
1105,LUKKA
1106,MFUHR
1107,AWIN
1108,RIK
1109,PRYAN
1110,JGROENVEL
1111,DBEAZLEY
1112,RRA
1113,NREICHEN
1114,ENNO
1115,SAIT
1116,JHOWELL
1117,MGRABNAR
1118,AKIRA
1119,DBONNER
1120,LIRAZ
1121,ASANDSTRM
1122,PSHARPE
1123,PMKANE
1124,DURIST
1125,AMAR
1126,VKHERA
1127,JLLEROY
1128,KIMRYAN
1129,GOSSAMER
1130,FHOLTRY
1131,DIONALM
1132,SAMTREGAR
1133,OLIBOU
1134,JNOLAN
1135,SHARYANTO
1136,CTDEAN
1137,ZENIN
1138,CFRETER
1139,MARTINB
1140,JANL
1141,TWENRICH
1142,EGROSS
1143,KMACLEOD
1144,SPP
1145,CJM
1146,SMALYSHEV
1147,KMELTZ
1148,BHOLZMAN
1149,CHOLET
1150,SDOWD
1151,MATKIN
1152,CHTHORMAN
1153,NIKIP
1154,MRJC
1155,EBOHLMAN
1156,BOESCH
1157,BOBSIDE
1158,JZAWODNY
1159,PEASE
1160,SPANNRING
1161,ABURLISON
1162,JSMITH
1163,AOCINAR
1164,SHAWNPW
1165,ALEXIOB
1166,WRW
1167,JNEYSTADT
1168,GWARD
1169,FDESAR
1170,VALERIE
1171,SHARRIS
1172,MHAMILTON
1173,IKLUFT
1174,SNOWHARE
1175,JVENIER
1176,MAURICE
1177,MARCLANG
1178,ARVIEGAS
1179,JDPORTER
1180,JJOAO
1181,ASPA
1182,SCR
1183,FTASSIN
1184,STEVE
1185,COOPERCL
1186,CEVANS
1187,JURL
1188,JOSH
1189,SHARRISON
1190,CRITTER
1191,WCATLAN
1192,DUTCHMAN
1193,IAMCAL
1194,ABIGAIL
1195,SRPATT
1196,JOSHUA
1197,MUENALAN
1198,JMBO
1199,SDRABBLE
1200,HROGERS
1201,IKEBE
1202,ATRICKETT
1203,HOBBIT
1204,BRIAC
1205,BORISZ
1206,TWEGNER
1207,KOBAYASI
1208,JRLITTELL
1209,ASKSH
1210,OKLETSGO
1211,ZAKZ
1212,BBB
1213,OYAMA
1214,MPREWITT
1215,SHERZODR
1216,OWEN
1217,PCIMPRICH
1218,TMTM
1219,WADG
1220,PERRAD
1221,NWIGER
1222,HAKANARDO
1223,SCOTTW
1224,DIVEC
1225,SCHUMACK
1226,BEATNIK
1227,JLISHEV
1228,GAFFER
1229,ALFO
1230,SKROVAN
1231,GIULIENK
1232,ZLIPTON
1233,MIKEDLR
1234,RGIERSIG
1235,AALLAN
1236,PHISH
1237,STOUGARD
1238,TSTANLEY
1239,RONAN
1240,TPABA
1241,RAZINF
1242,NWETTERS
1243,DAVIDNICO
1244,DOUGW
1245,RWMJ
1246,FSORIANO
1247,TURNERJW
1248,KAHIRSCH
1249,JRYAN
1250,JGOFF
1251,KOHA
1252,HARASTY
1253,THEDEVIL
1254,KRZAK
1255,SKUD
1256,HSMYERS
1257,SHAYH
1258,SMANROSS
1259,JPOWERS
1260,ROTH
1261,STURM
1262,NBYRD
1263,THOMSON
1264,TSCANLAN
1265,PHINYX
1266,BYRNE
1267,MIVKOVIC
1268,JDLEE
1269,ABERGMAN
1270,HBIERSMA
1271,NOG
1272,CCLARK
1273,MAXB
1274,DBP
1275,DRUOSO
1276,AFOXSON
1277,SCHAFFTER
1278,BLUEFEET
1279,HAWKINSM
1280,SWAMPFOX
1281,SPOON
1282,STEVEGT
1283,DREAMG
1284,GRISHACE
1285,WYANT
1286,DKOCH
1287,PGOLLUCCI
1288,PIJLL
1289,DPATES
1290,ALPO
1291,BIGJ
1292,MUNROER
1293,EBRUNI
1294,FRIGHETTI
1295,CREIN
1296,HACHI
1297,MONDEJAR
1298,MERLYN
1299,FDALY
1300,DWHEELER
1301,LLAP
1302,BPRUDENT
1303,TWH
1304,STEPHANB
1305,GEOFFR
1306,ENRYS
1307,PERNST
1308,AADLER
1309,PIXEL
1310,REECE
1311,XPIX
1312,WARTHURT
1313,CRAFFI
1314,OUBIWANN
1315,FOX
1316,SHOGE
1317,BHODGES
1318,COOK
1319,MARKF
1320,MAKLER
1321,RLZWART
1322,YVES
1323,PJCJ
1324,MROGASKI
1325,GERRIT
1326,JAMESB
1327,AHICOX
1328,WIHAA
1329,XAOINC
1330,DHUDES
1331,JPB
1332,ZINCDEV
1333,YSAS
1334,PAJAS
1335,CAVANAUGH
1336,CSOE
1337,JOHANVDB
1338,VELTZER
1339,BOZZIO
1340,EARL
1341,PAVELH
1342,RHANDOM
1343,MZSANFORD
1344,PRIMEBASE
1345,AJGOUGH
1346,MATTHEWG
1347,BRENTDAX
1348,MIDI
1349,BBEAUSEJ
1350,STARKY
1351,PNE
1352,DLECONTE
1353,SIMONP
1354,CHIPT
1355,MSOUTHERN
1356,OLAF
1357,PRL
1358,LOURIDAS
1359,CORLISS
1360,FRANCOC
1361,COLINK
1362,NWALSH
1363,HVDS
1364,KJOHNSON
1365,SZECK
1366,BMIDD
1367,SHARI
1368,JHPB
1369,MPIOTR
1370,JGLICK
1371,GENJISCH
1372,JOSERODR
1373,OESI
1374,CURTISF
1375,AIZVORSKI
1376,AZS
1377,MOPOKE
1378,JHIVER
1379,CMERTZ
1380,RUSAKOV
1381,MALTEU
1382,CGILMORE
1383,MCKAY
1384,NEDKONZ
1385,SAMPO
1386,DRRHO
1387,LALA
1388,MMAKAAY
1389,MSLAGLE
1390,JERI
1391,IAWELCH
1392,TLOWERY
1393,LUPUS
1394,TEVERETT
1395,ASHTED
1396,JJHORNER
1397,CHARTGRP
1398,ARYEH
1399,BARRACODE
1400,WILSONPM
1401,EVO
1402,GRANTM
1403,FERRANCE
1404,MCNEWTON
1405,CWHITE
1406,DAPI
1407,HDIAS
1408,ISAAC
1409,BEPPU
1410,RCS
1411,RANI
1412,ALGERNON
1413,EMPI
1414,SHERLOCK
1415,SSCOTTO
1416,PVHP
1417,KEROYON
1418,AUBERTG
1419,SRIRAM
1420,ARFREITAS
1421,JBISBEE
1422,GWOLF
1423,BLOM
1424,PEICHMAN
1425,DANBOO
1426,KAWASAKI
1427,LROCHER
1428,MARCEL
1429,TOM
1430,MASANORIH
1431,ASARIH
1432,GBROCK
1433,WVDB
1434,MINTER
1435,CHROMATIC
1436,ALECS
1437,PMAREK
1438,SRSHAH
1439,JGAMBLE
1440,ADAPAY
1441,ZEFRAM
1442,MADCODER
1443,JPEREGR
1444,DOOM
1445,DECIUS
1446,BRADFITZ
1447,AGOLOMSH
1448,AYOUNG
1449,ANDY
1450,CHANSEN
1451,DSPARLING
1452,SARGIE
1453,MCEWAN
1454,HOLOWAY
1455,KARJALA
1456,MAHITO
1457,ZOOVY
1458,JCDUQUE
1459,SIMONFLK
1460,SEYHAN
1461,KOLIBRIE
1462,DKAMHOLZ
1463,JROBINSON
1464,ZOOLEIKA
1465,CSA
1466,JHUGHES
1467,RYANPARR
1468,GUNNAR
1469,STRO
1470,SSORICHE
1471,RHANSON
1472,YANA
1473,KVAIL
1474,ALEC
1475,LPALMER
1476,SMIFFY
1477,HESSU
1478,KELLAN
1479,EISEN
1480,MAMAWE
1481,COG
1482,SYP
1483,LORENSEN
1484,SSCHECK
1485,WORRALL
1486,MHX
1487,FRANCKC
1488,MASAHITO
1489,MIYAZAKI
1490,CWEST
1491,SMCNABB
1492,SOKOLOV
1493,TSIBLEY
1494,DDICK
1495,KGJERDE
1496,GWADEJ
1497,AKAPLAN
1498,GUS
1499,DMAC
1500,THILO
1501,KSTEPHENS
1502,JMASON
1503,BOXZOU
1504,RHUNDT
1505,TMURRAY
1506,BISSCUITT
1507,JGMYERS
1508,DANPEDER
1509,ERIAM
1510,BDUGGAN
1511,TILLY
1512,ALEXMASS
1513,HORSHACK
1514,GALGIER
1515,KSPENCER
1516,IWADE
1517,WASX
1518,AARONJJ
1519,LHS
1520,KROKI
1521,ALIZTA
1522,PHCOTE
1523,KULP
1524,RPANMAN
1525,FLORIAN
1526,PSIONIC
1527,OPIATE
1528,BRONSON
1529,BGILMORE
1530,TAKEFUMI
1531,DEXTER
1532,WALTMAN
1533,JKONDO
1534,MVERB
1535,JENSL
1536,BBIRTH
1537,JDHEDDEN
1538,CMOORE
1539,DARREN
1540,MJS
1541,ANNO
1542,SILI
1543,PALANT
1544,SIMONF
1545,KAYSB
1546,JLAPOUTRE
1547,BNEGRAO
1548,THOSPEL
1549,MASAP
1550,JMACFARLA
1551,OINUME
1552,KRUSCOE
1553,LINNIN
1554,ICHUDOV
1555,BARBEE
1556,BLOONIX
1557,ULLAPRA
1558,JEB
1559,DIMRUB
1560,CHRISCHU
1561,JKEENAN
1562,JPACE
1563,IMACAT
1564,AVATAR
1565,RECKON
1566,RETOH
1567,DCHRIS
1568,YAPPO
1569,NKUITSE
1570,RA
1571,MSICKEL
1572,PETERW
1573,BEADSLAND
1574,STRZELEC
1575,HASANT
1576,KOSTAS
1577,BRUCEK
1578,SEMUELF
1579,RICHDAWE
1580,JWOODYATT
1581,RKINYON
1582,FEDOROV
1583,JAOS
1584,SCHULTE
1585,PROFERO
1586,TEUN
1587,BPGN
1588,DPAVLIN
1589,DPOKORNY
1590,JTT
1591,RANDYM
1592,JOSEPHW
1593,EDAVIS
1594,AAU
1595,ROBAU
1596,DUPUISARN
1597,VPIT
1598,FERREIRA
1599,RUZAM
1600,AAR
1601,JONALLEN
1602,MAKAMAKA
1603,ABELTJE
1604,ASH
1605,STIG
1606,MINCUS
1607,GGUREVICH
1608,BOKUTIN
1609,DENYSV
1610,CFRANKS
1611,OEMBRY
1612,CHORNY
1613,ZMIJ
1614,CRENZ
1615,ILYA
1616,JMCNAMARA
1617,CADE
1618,SIMKIN
1619,THINCH
1620,PNEWMAN
1621,LARSLUND
1622,VALDEZ
1623,HITHERTO
1624,PENGAS
1625,MGRIMES
1626,ALX
1627,MANOWAR
1628,IBB
1629,ADDW
1630,LAIRDM
1631,CSPENCER
1632,GHALSE
1633,BOBO
1634,ROBF
1635,AFF
1636,DDOKTER
1637,BURAK
1638,DORNER
1639,JASPAX
1640,IZUT
1641,TAYERS
1642,PERFSONAR
1643,MISHIKAL
1644,LBECCHI
1645,COHTAN
1646,BLAIR
1647,WAZZUTEKE
1648,KAZUHO
1649,PMICHAUX
1650,ESM
1651,AFRYER
1652,FHOXH
1653,RSOD
1654,ZAG
1655,ICABRERA
1656,HIDE
1657,HARDAKER
1658,DOKSNER
1659,SCHNUECK
1660,YAMAMOTO
1661,PODMASTER
1662,DIABLO
1663,PERHENRIK
1664,ADAMOWSKI
1665,JSHEARER
1666,SLAVA
1667,FBRIERE
1668,ASAKURA
1669,MCANTONI
1670,PERLBOY
1671,PDENIS
1672,TONVOON
1673,BBC
1674,MATTIASH
1675,PJF
1676,DAMI
1677,MIKRA
1678,TANIGUCHI
1679,TKURITA
1680,MJCARMAN
1681,ABERNDT
1682,BSMITH
1683,ZANDET
1684,XERN
1685,BEHROOZI
1686,AMACKEY
1687,JCOHEN
1688,DDRIBIN
1689,KARLWARD
1690,KORSANI
1691,VLADB
1692,JEDWARDS
1693,FELICITY
1694,JZUCKER
1695,OLIVIERT
1696,JFORGET
1697,ASCHAMP
1698,KCK
1699,SWALTERS
1700,MMUSGROVE
1701,NIF
1702,NCLEATON
1703,GMAX
1704,ASPIERS
1705,KPATTON
1706,JCAMACHO
1707,ROBN
1708,OLEKO
1709,MGREGORO
1710,MARKO
1711,RDF
1712,FRIEDO
1713,KYLESCH
1714,ZOFFIX
1715,JIANGS
1716,GBSHOUSE
1717,KZTOMITA
1718,LBENDAVID
1719,CBOUVI
1720,NICKH
1721,CHEWTOY
1722,BASHI
1723,JCMULLER
1724,ZENSPIDER
1725,BBOKSA
1726,CPWILLMOT
1727,SMCMURRAY
1728,SELCOMB
1729,BERIKV
1730,NITRAM
1731,LIOL
1732,YEWENBIN
1733,JMAY
1734,TECHIE
1735,QMACRO
1736,AJDELORE
1737,JVANASCO
1738,ZACKSE
1739,BJOERN
1740,YKAR
1741,ASAVIGE
1742,TIMPX
1743,DELTA
1744,KASEI
1745,HDP
1746,KESTEB
1747,KNEW
1748,MSHELOR
1749,JCARTER
1750,LUKEROSS
1751,ARTO
1752,LESPAUL
1753,HANSPOO
1754,DAMS
1755,FABPOT
1756,MIKFIRE
1757,CHLIGE
1758,ANDREMAR
1759,HIHIK
1760,TRIDDLE
1761,JUNOS
1762,AMONSEN
1763,AKARGER
1764,ARISTOTLE
1765,LANDMAN
1766,ZPMORGAN
1767,IOANNIS
1768,SPEEVES
1769,LITCHIE
1770,PAULB
1771,PSME
1772,SJO
1773,MDEHOON
1774,ARC
1775,BROQ
1776,JGORMAN
1777,SPLOTCHY
1778,GMCCAR
1779,POLETTIX
1780,HPA
1781,SULLIVAN
1782,SCOTT
1783,USTIANSKY
1784,RACHEL
1785,JMM
1786,AYRNIEU
1787,BDAGLISH
1788,STRCEK
1789,VIPERCODE
1790,BOBMATH
1791,ZOCCAV
1792,JMAHONEY
1793,MCEGLOWS
1794,EXIFTOOL
1795,SIMRAN
1796,CASIANO
1797,JKUTEJ
1798,YUMPY
1799,CBARRATT
1800,YOSEFM
1801,MORITZ
1802,JROGERS
1803,GCERRAI
1804,JGOLDBERG
1805,AJWOOD
1806,PCANARAN
1807,MARKUSB
1808,HEMA
1809,GNG
1810,JWU
1811,ITDEV
1812,DTOWN
1813,ALLENS
1814,FXN
1815,BALDUR
1816,FTOBIN
1817,SEKIMURA
1818,ARPADF
1819,AGRICOCB
1820,TSKIRVIN
1821,KRAILEY
1822,RKHILL
1823,TEXMEC
1824,HOPCROFTS
1825,TSUNODA
1826,SINISTER
1827,IAN
1828,BSCHMAU
1829,JMEHNLE
1830,JEZRA
1831,STEPANOV
1832,WBUNTINE
1833,DLOWE
1834,JFITZ
1835,BOMB
1836,JEREMIAH
1837,NATTIS
1838,DINOMITE
1839,KAILI
1840,CLIVE
1841,PSTEWART
1842,BSCHMITZ
1843,MATTLAW
1844,EGERMAN
1845,MCHING
1846,SANFACE
1847,IAINT
1848,JACKB
1849,MJFLICK
1850,AORR
1851,RDB
1852,NIGE
1853,DMACKS
1854,QJZHOU
1855,DON
1856,TCAINE
1857,CHRISC
1858,ASPINDLER
1859,SIFUKURT
1860,ARANDAL
1861,MIKEO
1862,PHAYLON
1863,ACMCMEN
1864,MIKO
1865,WARD
1866,ELAGACHE
1867,DWINTERS
1868,GEEWIZ
1869,ELISA
1870,SHIBUYA
1871,CCWALLACE
1872,MNAGUIB
1873,FWOJCIK
1874,JRAFTERY
1875,ADIE
1876,MATTBM
1877,REGGERS
1878,MAKOTO
1879,LBOTTEL
1880,PTIMMINS
1881,DANNY
1882,SHULL
1883,SCOOK
1884,EASR
1885,SHEVEK
1886,MARAIST
1887,GED
1888,EALLENIII
1889,SRIHA
1890,KOTEROV
1891,MARCUS
1892,SWHITAKER
1893,SDETHER
1894,TOSTI
1895,BITS
1896,RUSEKD
1897,RMBARKER
1898,DZHUO
1899,ABEROHAM
1900,SMRZ
1901,CHRISY
1902,WBAILEY
1903,MIKEWONG
1904,PDCAWLEY
1905,BETTELLI
1906,JAW
1907,PHLI
1908,RCONOVER
1909,CMANLEY
1910,JOVAL
1911,EBAY
1912,DOWENS
1913,CHUNZI
1914,HORNBURG
1915,PGRIMES
1916,FRANKIE
1917,LINC
1918,MSISK
1919,NOHA
1920,FIVE
1921,SFINK
1922,LTOETSCH
1923,COKE
1924,DVKLEIN
1925,JSCHNEID
1926,MHOWARD
1927,BWARFIELD
1928,CPHIL
1929,MIDDLETO
1930,JHAR
1931,AJUNG
1932,KCOWGILL
1933,TAREKA
1934,AHCHORN
1935,CAM
1936,HDS
1937,TIBI
1938,BULB
1939,BRUMLEVE
1940,XMATH
1941,URI
1942,SPLICE
1943,UNISOLVE
1944,BROOM
1945,GUIMARD
1946,NARUSE
1947,CMORRIS
1948,JONATHAN
1949,JIMT
1950,CRAZYDJ
1951,JCONERLY
1952,CSELT
1953,BANTOWN
1954,JDENNIS
1955,CBROOKS
1956,BILBO
1957,BATMAN
1958,TOMITA
1959,BSHADE
1960,LUNARTEAR
1961,TIMBRODY
1962,WEINBERG
1963,BLUELINES
1964,SHIGETA
1965,EILARA
1966,BRONTO
1967,ANK
1968,MILANO
1969,ERIC
1970,MDIMEO
1971,MARTYLOO
1972,URKLE
1973,CORNELIS
1974,MRKOFFEE
1975,CFEDDE
1976,ADUITSIS
1977,JKIM
1978,MACKENZIE
1979,EXODIST
1980,BZAJAC
1981,WOHL
1982,MUKUND
1983,RKITOVER
1984,ADAMSON
1985,ITYNDALL
1986,RSMITH
1987,KERBERUS
1988,VXX
1989,MBASOV
1990,JFREEMAN
1991,MPELZER
1992,JOHAN
1993,SHAMROCK
1994,GSLIN
1995,DKS
1996,LAYE
1997,KMIYAZAKI
1998,SIMES
1999,EBHANSSEN
2000,TCHATZI
2001,EZRAKILTY
2002,NOBULL
2003,HIO
2004,JGDA
2005,CHIA
2006,RFRANKEL
2007,DSCHWEI
2008,FOOBLE
2009,APEIRON
2010,CBTILDEN
2011,GIFF
2012,GGOLDBACH
2013,CLEMBURG
2014,SCOP
2015,ASW
2016,JACOB
2017,EGORSH
2018,UMVUE
2019,THOM
2020,AASSAD
2021,SEMANTICO
2022,MATISSE
2023,GAM
2024,MSCHLUE
2025,BOUBAKER
2026,KCLARK
2027,SENSEI
2028,VOJ
2029,DSKOLL
2030,JONADAB
2031,NIKC
2032,MCARR
2033,BENL
2034,LZE
2035,HCARVEY
2036,PETERHI
2037,BJR
2038,JMATES
2039,PIA
2040,LEVIATHAN
2041,KMCGRATH
2042,VITA
2043,UARUN
2044,BOUMENOT
2045,JSPICAK
2046,TOMHUGHES
2047,ACCARDO
2048,PLURAL
2049,CROMEDOME
2050,PKENT
2051,LEITGEBJ
2052,JINKEE
2053,SSIMMS
2054,APLEINER
2055,ASTUBBS
2056,FERRENCY
2057,PURDY
2058,MHARNISCH
2059,JCZEUS
2060,BAYSIDE
2061,TDRUGEON
2062,MKANAT
2063,DPRICE
2064,ENELL
2065,ROSULEK
2066,RYBSKEJ
2067,AROTH
2068,BREMNERB
2069,ALEXP
2070,GKAPUR
2071,CYBER
2072,JMUHLICH
2073,OSFAMERON
2074,RMITZ
2075,KOZO
2076,RSYMES
2077,PETERG
2078,DMITRI
2079,MARWIL
2080,JSN
2081,LEEYM
2082,JAYBONCI
2083,NMUELLER
2084,KRS
2085,TERHECHTE
2086,NINJA
2087,MOCONNOR
2088,RPIKKARA
2089,KCARNUT
2090,DLKING
2091,MARKJ
2092,HJHELGE
2093,GBAILEY
2094,JIK
2095,NODINE
2096,ROMERUN
2097,KERW
2098,DANBORN
2099,ESSENZ
2100,BROWSERUK
2101,BDULFER
2102,TOMMY
2103,RADCLIFF
2104,SATOH
2105,ACDALTON
2106,SWAJ
2107,TAMASHIRO
2108,DELANO
2109,CTHOM
2110,RATAXIS
2111,CBIONDO
2112,EZDB
2113,PLANK
2114,DAVIDIUS
2115,RVAIDH
2116,JERLBAUM
2117,IROBERTS
2118,NOZZZZZ
2119,WPS
2120,YVDHOVE
2121,BRIANL
2122,ROMM
2123,ADDI
2124,TONYC
2125,AGOE
2126,LBAYER
2127,VERESC
2128,RANDY
2129,JLAVALLEE
2130,RPAUL
2131,NOTBENH
2132,BFREE
2133,RDIETRICH
2134,TFOUCART
2135,PEREINAR
2136,WHOM
2137,SMCCAM
2138,RHOOPER
2139,DAVIDH
2140,GIRASQUID
2141,DBURDICK
2142,PEPE
2143,MLUKER
2144,WBNIV
2145,ULTRADM
2146,ANDREIN
2147,CVONROES
2148,TMOERTEL
2149,CKERNER
2150,JASLONG
2151,MJP
2152,SDEN
2153,DNS
2154,PELAGIC
2155,HOLSTEN
2156,BBENNETT
2157,MCVELLA
2158,BMC
2159,AHALL
2160,BIRNEY
2161,GHUTCHIS
2162,RONALDWS
2163,WYRD
2164,HARRY
2165,ANDREI
2166,MHOOREMAN
2167,OTAYLOR
2168,LDOMKE
2169,SOMMERB
2170,TJBYRNE
2171,MIKEB
2172,MARKM
2173,BRONG
2174,GYEPI
2175,VESELOSKY
2176,THOWELL
2177,GNALABS
2178,JONBJ
2179,JALDHAR
2180,IDORU
2181,DYFET
2182,MWX
2183,DJCP
2184,HESCHONG
2185,SJSZ
2186,SID
2187,JGATCOMB
2188,AKR
2189,NIELSEN
2190,LUCS
2191,CVICENTE
2192,GILAD
2193,VLADO
2194,HAG
2195,KEN
2196,DAAN
2197,SMALHOTRA
2198,UDASSIN
2199,JMCADA
2200,SHANCOCK
2201,NEELY
2202,MBAILEY
2203,AFRIKA
2204,MCGREGOR
2205,CROSSWIRE
2206,NYARLA
2207,KWMAK
2208,BWSMITH
2209,ROBWALKER
2210,ARUNBEAR
2211,DOUGTHUG
2212,CLINTDW
2213,CHSTROSS
2214,APERSAUD
2215,ANDREW
2216,NAOYA
2217,BOZO
2218,TRUSTCOM
2219,JMGDOC
2220,ACOBURN
2221,KLORTHO
2222,NINJAZ
2223,BILLAUER
2224,ERICJH
2225,IANK
2226,CPANPERL
2227,VMORAL
2228,PJS
2229,MOLT
2230,MAJCHER
2231,DAVIDRW
2232,GABB
2233,AUFFLICK
2234,ROAM
2235,GREGFAST
2236,EVALETO
2237,ZIYA
2238,AKOBA
2239,DOCG
2240,DBLACKA
2241,SHOT
2242,TOMMIE
2243,DAVEOLA
2244,MADGHOUL
2245,SOENKE
2246,MFOWLER
2247,CCHAMBER
2248,MORNI
2249,JLAWRENC
2250,SCHINDER
2251,TOBIWAN
2252,DANIELTWC
2253,LUNATIC
2254,SCOTTS
2255,GARROW
2256,MOOLI
2257,NARKED
2258,NNUNLEY
2259,RALAMOSM
2260,SONNEN
2261,ANDREWHO
2262,JKEISER
2263,ARNE
2264,ASIMJALIS
2265,MMLANGE
2266,DEG
2267,DRAWNBOY
2268,SHIBLON
2269,DPARIS
2270,JPAF
2271,RWG
2272,BRONDSEM
2273,BATKINS
2274,DAVIEIRA
2275,TKEEFER
2276,TRIPIE
2277,CTRONDLP
2278,RINTARO
2279,SUMUS
2280,KIM
2281,DMLLOYD
2282,UMEMOTO
2283,PAULG
2284,ROBURBAN
2285,APATWA
2286,BEROV
2287,SAFRONOV
2288,NELHAGE
2289,FLETCH
2290,OMKELLOGG
2291,AMOLLOY
2292,RVASICEK
2293,OMEGA
2294,RHYTHMAN
2295,KALELE
2296,STODGHIL
2297,FERNANDES
2298,MHYOUNG
2299,CAIDAPERL
2300,MURRAY
2301,ONDR
2302,DGOLD
2303,DMAHONEY
2304,MIKIHOSHI
2305,JUERD
2306,WOREMACX
2307,GKE
2308,DAOTOAD
2309,SORBS
2310,TAKESHIGE
2311,RHETTBULL
2312,RMUHLE
2313,VSANCHEZ
2314,MANU
2315,MODULO
2316,TROCKIJ
2317,EJDRS
2318,KASPER
2319,RATL
2320,UNRTST
2321,SAMSK
2322,SOMMAR
2323,MASAHJI
2324,GDSL
2325,JDRAGO
2326,KIRSTINB
2327,YUNFANG
2328,JPAVLICK
2329,VBAR
2330,STRAT
2331,MIDNITE
2332,ESTRABD
2333,JBRYAN
2334,SWARTIK
2335,RUSTYP
2336,WILCO
2337,GRODITI
2338,MAXICO
2339,NEZUMI
2340,DAVEM
2341,EROLLINS
2342,TOBI
2343,KPOL
2344,DSNOPEK
2345,SUE
2346,SAYANO
2347,REITMAN
2348,SCRESTO
2349,BCHOATE
2350,STRUAN
2351,LARSEN
2352,TBOLIOLI
2353,NAOYAT
2354,LODIN
2355,YOU
2356,ILTZU
2357,ALFILLE
2358,SJSMITH
2359,SNOWFLY
2360,TLBDK
2361,MANNI
2362,OTAKA
2363,KANEY
2364,KVENTIN
2365,PCHRISTE
2366,WAYNEM
2367,MALUKU
2368,ANARION
2369,FUJIWARA
2370,HIRATARA
2371,KONOBI
2372,BLWOOD
2373,JZHANG
2374,MIT
2375,DREDD
2376,ANZUHAN
2377,CFUHRMAN
2378,RDROUSIES
2379,DIOCLES
2380,BALAJIRAM
2381,MRSAM
2382,HMERSCH
2383,BJOERNW
2384,NEVES
2385,STIQS
2386,KAPPA
2387,ZIGDON
2388,HMNIELSEN
2389,MBSTE
2390,BHILTON
2391,JFENAL
2392,AMAHABAL
2393,AARDO
2394,DRSTEVE
2395,YURAN
2396,IANC
2397,JUNKER
2398,NOELBK
2399,FIBO
2400,JAMHED
2401,YUKI
2402,ZZZ
2403,RUEYCHENG
2404,ICERIDER
2405,JOSEWEEKS
2406,CHRISN
2407,ARNESOND
2408,STATHY
2409,BLCKSMTH
2410,LENGEL
2411,LARSNYG
2412,PLCGI
2413,DBDPG
2414,SLENK
2415,IMALPASS
2416,PETEF
2417,JERBOAA
2418,JQUILLAN
2419,LEIRA
2420,VIY
2421,AREGGIORI
2422,KJH
2423,DCLINTON
2424,KTORP
2425,MEYERCJM
2426,ROBM
2427,PSINNOTT
2428,LBAXTER
2429,MGLEE
2430,YORHEL
2431,CHITOIUP
2432,DRAUONER
2433,SCHROEER
2434,TJC
2435,SPIDB
2436,PFAUT
2437,SYNEDRA
2438,TANIMOTO
2439,SAVA
2440,MDASH
2441,JESTER
2442,IKALLEN
2443,GAOU
2444,OKAMOTO
2445,HORROCKS
2446,KAZEBURO
2447,BFAIST
2448,MEMOWE
2449,KBOCEK
2450,MAKIS
2451,STLACY
2452,ARTICLE
2453,BENJAMIN
2454,JOCHEN
2455,MRPERSON
2456,WAIDER
2457,ZMAN
2458,CODEHELP
2459,GAISSMAI
2460,CHRISJ
2461,WORENKD
2462,THARDISON
2463,KWINDLA
2464,AVAJADI
2465,AGF
2466,ANONWB
2467,KENWU
2468,REYNOLDS
2469,VIKTORK
2470,PHOTO
2471,GSCHLOSS
2472,MEWSOFT
2473,TSHINNIC
2474,HESCO
2475,ADULAU
2476,CNATION
2477,MNEYLON
2478,JROD
2479,LETO
2480,MMORGAN
2481,RYOCHIN
2482,PHILIPS
2483,FWILES
2484,BARGLE
2485,SKONNO
2486,DHARRIS
2487,SRZ
2488,DBARTH
2489,JOHNA
2490,DREWF
2491,JEF
2492,LARRYSH
2493,ALEXMV
2494,BBAXTER
2495,JGS
2496,DAVINCHI
2497,JAEPSTEIN
2498,HIKARINE
2499,NRG
2500,TURNERMM
2501,JAMADAM
2502,RLAUGHLIN
2503,MIKEGRB
2504,KEU
2505,DISSENT
2506,DMARTIN
2507,PRASHANT
2508,SERA
2509,TOBY
2510,JEGADE
2511,GAUDEON
2512,WHITEPAGE
2513,SCHOEJO
2514,JMADLER
2515,BASHLOV
2516,AIMASS
2517,TTY
2518,AWENDT
2519,AUGIE
2520,CHGEUER
2521,HOVENKO
2522,HGNENG
2523,VADIML
2524,TSPIN
2525,ANIRVAN
2526,TOMUSCHAT
2527,MATTHIASW
2528,PDEEGAN
2529,AMOORE
2530,DSTAAL
2531,HISSO
2532,GRAYKOT
2533,PFIG
2534,PJACKLAM
2535,APRIME
2536,LSFISV
2537,EXOBUZZ
2538,LAMMEL
2539,JKRASNOO
2540,MOBILEART
2541,LMC
2542,SNEVINE
2543,ICESPIRIT
2544,RJSRI
2545,INFIDEL
2546,THOR
2547,GSHANK
2548,DFARALDO
2549,WREARDON
2550,NIKRATIO
2551,BMAMES
2552,ARTHUR
2553,CMEYER
2554,FUNGUS
2555,ANIO
2556,GENEHACK
2557,KBRINT
2558,HIROSE
2559,BBKR
2560,BKB
2561,RIIKI
2562,ASLETT
2563,AIRWAVE
2564,BORLIK
2565,BRADMC
2566,MPG
2567,MIKIO
2568,SHENJ
2569,JEPRICE
2570,JJNAPIORK
2571,GLEACH
2572,SAMY
2573,JBUHACOFF
2574,EJS
2575,SGRAHAM
2576,BADKINS
2577,TRAVAIL
2578,PRANTL
2579,TNGUYEN
2580,PETER
2581,ACIDDEATH
2582,MASSYN
2583,ARIF
2584,SANKO
2585,MASACCIO
2586,DYLAN
2587,ZIGUZAGU
2588,PMINT
2589,JSTROM
2590,JFRAIRE
2591,GRANDPA
2592,SKREUZER
2593,JMV
2594,GONERI
2595,NMELNICK
2596,THB
2597,SZBALINT
2598,CRISB
2599,POLGAB
2600,SYBER
2601,JEEN
2602,MUMIAW
2603,SHIRAIWA
2604,HEX
2605,CJUKUO
2606,ILMARI
2607,BMILLARES
2608,MAXA
2609,HAMANO
2610,HANJE
2611,DAIBA
2612,JKRAMER
2613,MILAN
2614,AKIHITO
2615,ICHI
2616,ZBLAIR
2617,ODEZWART
2618,DOCTORMO
2619,HANELYP
2620,NESTING
2621,JHITT
2622,TARO
2623,NINE
2624,LAOMOI
2625,DALEAMON
2626,TORU
2627,DCOLLINS
2628,LSAUNDERS
2629,SHINY
2630,DTADY
2631,KASHA
2632,LEONT
2633,WEAV
2634,LKUNDRAK
2635,WSYVINSKI
2636,RPLESSL
2637,JPETERSON
2638,RKOWEN
2639,GNUSTAVO
2640,PEGI
2641,GLORYBOX
2642,ECOCODE
2643,PDEVLIN
2644,GERHARD
2645,KEICHNER
2646,EDALY
2647,ELACOUR
2648,CLCL
2649,GARU
2650,VAYDE
2651,SANTOS
2652,USSJOIN
2653,IDERRICK
2654,MASAKI
2655,DAVIDB
2656,UGEN
2657,HKOCH
2658,CHM
2659,HINNERK
2660,SHELLING
2661,SJQUINNEY
2662,DTRISCHUK
2663,JNBROOKES
2664,SKMACPHE
2665,NCHUCHE
2666,ANGERSTEI
2667,MAB
2668,JRM
2669,SMCKAY
2670,VTI
2671,BRUNORC
2672,PMIC
2673,JNIXON
2674,BOBKARE
2675,TSIRKIN
2676,GEBELE
2677,DIEDERICH
2678,JMHOGLUND
2679,MBEEBE
2680,AERO
2681,HASIOTIS
2682,AVIAN
2683,DHORNE
2684,DOPACKI
2685,SDPRICE
2686,WOLFMAN
2687,LARRYL
2688,UVOELKER
2689,WHOPPIX
2690,MARR
2691,PRAVUS
2692,TSCHULZ
2693,RADEK
2694,EMARQUES
2695,BPEDERSE
2696,MARKPASC
2697,GRAF
2698,DGOEHRIG
2699,CTILMES
2700,GBJK
2701,STOCKS
2702,KYANNY
2703,MMWEBER
2704,GWELCH
2705,BEHANW
2706,WELTYJJ
2707,HEUEL
2708,BAYASHI
2709,MIOREL
2710,JANUS
2711,DSPADEA
2712,CHRISA
2713,HMA
2714,MPULTZ
2715,SFRYER
2716,BRACETA
2717,ACID
2718,DRAEGTUN
2719,ESH
2720,SKA
2721,GIPPOLITI
2722,BFITCH
2723,DRINCHEV
2724,ALEXK
2725,JJONES
2726,LEO
2727,EARONESTY
2728,RCL
2729,SHARIFULN
2730,DARKNOS
2731,STEVEHA
2732,SHIAR
2733,HEYTRAV
2734,COSMICNET
2735,CONVERTER
2736,MUGUET
2737,PJAIN
2738,MARCOG
2739,HIRAFOO
2740,CLEACH
2741,PHILIPP
2742,JVANNUCCI
2743,PEPL
2744,THORIKAWA
2745,PERRIN
2746,KENTNL
2747,KZYS
2748,PMAKHOLM
2749,JANW
2750,IPENBURG
2751,MELONMAN
2752,BCO
2753,SMASH
2754,ROGERHALL
2755,DOUGDUDE
2756,IKEGAMI
2757,MMIMS
2758,GLAI
2759,BLUET
2760,PRO
2761,TBESTE
2762,SKNPP
2763,NISHIKAWA
2764,LEV
2765,DMITRY
2766,BOGDRO
2767,BARTOLIN
2768,MONS
2769,EFL
2770,JJSCHUTZ
2771,RPRICE
2772,SPADIX
2773,ABEL
2774,OTTO
2775,RIVY
2776,JIGSO
2777,WARRINGD
2778,SUPCIK
2779,VAL
2780,UNERA
2781,SIMM
2782,RARBOX
2783,BANB
2784,DRAXIL
2785,MDOM
2786,PIOTO
2787,MGI
2788,EBRAGIN
2789,STSI
2790,LEIGUANG
2791,CDARROCH
2792,BLILBURNE
2793,KAKADU
2794,MATIU
2795,ITMFROLOV
2796,MEH
2797,MACKENNA
2798,ENOOR
2799,MVZ
2800,PALLOTRON
2801,PWES
2802,CUB
2803,HAOSAN
2804,MOGAAL
2805,SIZUR
2806,DAKKAR
2807,MBAIT
2808,JLMOREL
2809,JFROEBE
2810,DSBIKE
2811,ROSCIO
2812,VANY
2813,MARCELO
2814,THINC
2815,GURUPERL
2816,WKI
2817,RSN
2818,PALVARO
2819,JAK
2820,LANTI
2821,JLMARTIN
2822,SEBASTIAN
2823,YBLUSSEAU
2824,JMELTZER
2825,ELPENGUIN
2826,ROLAND
2827,PUBNOOP
2828,HOLMLUND
2829,DULING
2830,FIDDUR
2831,VIORELS
2832,PERFORIN
2833,JOKKE
2834,KGALINSKY
2835,EVANK
2836,BPHILLIPS
2837,WILLMOJG
2838,JUSTER
2839,TREY
2840,REDICAPS
2841,JOHANNP
2842,STASH
2843,PMV
2844,DJIBEL
2845,MESADAVEY
2846,AZED
2847,BBURCH
2848,EDUSEGRE
2849,TOSHIFJW
2850,MOPY
2851,AHOSEY
2852,LEPT
2853,IVANTIS
2854,VAD
2855,BYTBOX
2856,MARCUSSEN
2857,REDS
2858,JMS
2859,JOHNG
2860,JHALLOCK
2861,CHRISS
2862,MATEU
2863,MALA
2864,MYRTSCHT
2865,OHOLLMEN
2866,SASATA
2867,SKORIKOV
2868,NPLATONOV
2869,HAVI
2870,IDOPEREL
2871,ERIK
2872,JKVA
2873,UNICOLET
2874,ATHOMASON
2875,CEBJYRE
2876,KUNIYOSHI
2877,ASG
2878,ZOUL
2879,SETITESUK
2880,DONATOAZ
2881,DCMERTENS
2882,NATG
2883,PFISCHER
2884,ARODLAND
2885,VKRAMSKIH
2886,MAJENSEN
2887,DISTLER
2888,JREY
2889,RSIDDALL
2890,FERZ
2891,KRISTINA
2892,JALLWINE
2893,SILASMONK
2894,RODRIGO
2895,VANAMBURG
2896,IMPIOUS
2897,MAGGIEXYZ
2898,SAUBER
2899,KAMELKEV
2900,TARAO
2901,MORIYA
2902,NATON
2903,PANGJ
2904,SSEVERIN
2905,NWELLNHOF
2906,PORRIDGE
2907,TEQUETER
2908,MURATA
2909,ARISAWA
2910,SHCOREY
2911,BRUNOV
2912,QSUN
2913,DUBEX
2914,KEVINR
2915,DYLUNIO
2916,KITOMER
2917,LMETCALF
2918,PANYU
2919,KALEX
2920,RATTLER
2921,CHIBA
2922,KSURI
2923,KUBINA
2924,KURIANJA
2925,JCLINE
2926,MJONDET
2927,BOXPHERE
2928,MMCLERIC
2929,DMLOND
2930,JBEVERLY
2931,TMULEVICH
2932,KRAIH
2933,DAVIDP
2934,PRASAD
2935,TMUELLER
2936,RUSSOZ
2937,HAGGAI
2938,DALTSKI
2939,SYNCLOVER
2940,TOMO
2941,BLAKEW
2942,PATCH
2943,DATA
2944,ACHIMRU
2945,SMAN
2946,DSTH
2947,MURPHY
2948,FWIE
2949,HAWK
2950,ICYDEE
2951,WINTRU
2952,POPPEN
2953,FRIFFIN
2954,VLYON
2955,TSAFSERGE
2956,NES
2957,LONERR
2958,WOWASURIN
2959,SQUEEK
2960,MWELLS
2961,XINMING
2962,JLOPHTY
2963,TSUCCHI
2964,ZSTEVENS
2965,YEGG
2966,MQSERIES
2967,EDOARDO
2968,DEVMORFO
2969,JAYCE
2970,WSDOOKADR
2971,KHULTMAN
2972,MAUKE
2973,TROXEL
2974,ABLUM
2975,BKANEY
2976,XAICRON
2977,TROTSKEY
2978,RPKELLY
2979,JUMASH
2980,SJCARBON
2981,LCONS
2982,NATANAEL
2983,MCRAWFOR
2984,ALVAROL
2985,MFONTANI
2986,MIKEJ
2987,RGLAUE
2988,JNLIN
2989,NUCLON
2990,JAYJ
2991,DONANGEL
2992,SANTERI
2993,PRAVEEN
2994,FLAMEY
2995,CRAFTWORK
2996,DORWARD
2997,KOST
2998,MATTK
2999,PMOONEY
3000,LANY
3001,DUL
3002,ALINKE
3003,NATEK
3004,ZWON
3005,MANTOVANI
3006,NEKOYA
3007,SEWI
3008,JESTOCK
3009,ROBINS
3010,OTY
3011,CJK
3012,JINGRAM
3013,AJGB
3014,PSILVA
3015,HERVEUS
3016,XEONTIME
3017,MENDEL
3018,RUNE
3019,FRODWITH
3020,RBO
3021,SEKIA
3022,ALEX
3023,OBRADOVIC
3024,DGL
3025,DAXIM
3026,GREENBEAN
3027,KEMMONS
3028,EXUSSUM
3029,ALTREUS
3030,PMURIAS
3031,DMITRYNOD
3032,PRIVI
3033,PSCUST
3034,ALLOLEX
3035,FROGGS
3036,GETTY
3037,EGILES
3038,DPMEYER
3039,CINDY
3040,MMERTEL
3041,CKRAS
3042,CHILTS
3043,CAVAC
3044,UKAUTZ
3045,AHAMM
3046,ROKR
3047,JNW
3048,MERIXZON
3049,PWBENNETT
3050,JMTORRES
3051,DAM
3052,ASHISHM
3053,PSANNES
3054,TOMFAHLE
3055,DSHEROH
3056,DORMANDO
3057,SHURIKO
3058,LUNGCHING
3059,FRIED
3060,DIEGOK
3061,CSTEPHENE
3062,ZBS
3063,RANDOMMAN
3064,SPAZM
3065,ZEROHP
3066,CGRAU
3067,AFFC
3068,BAHOOTYPR
3069,AESOP
3070,JAMESR
3071,EMAZEP
3072,NAIM
3073,TYRODEN
3074,XDR
3075,OLEG
3076,SRIOPEN
3077,BITMAN
3078,BOSBORNE
3079,LTP
3080,HAARG
3081,ANSGAR
3082,BRUC
3083,MWARREN
3084,ADARSHTP
3085,TWINKLE
3086,DOGGY
3087,STUIFZAND
3088,FUSINV
3089,RUITTENB
3090,PECO
3091,BRIANG
3092,INTERMINE
3093,TIMOS
3094,BRTHOMAS
3095,PVANDE
3096,SIXAPART
3097,ZDM
3098,FIREPEAR
3099,EAST
3100,DPCHRIST
3101,ZENTOOO
3102,JTOPJIAN
3103,VDG
3104,ATANATION
3105,IRONCAMEL
3106,NLEWIS
3107,TERENCEMO
3108,DWUEPPEL
3109,JEAGLE
3110,SHIRIRU
3111,EDECA
3112,HARSHAG
3113,TURUGINA
3114,JAME
3115,RHARMAN
3116,SCAIN
3117,SKX
3118,ZAKAME
3119,BLAIZER
3120,TONODERA
3121,MILA
3122,IEFREMOV
3123,ODYNIEC
3124,POCKET
3125,NFERRAZ
3126,BEANZ
3127,EMORGAN
3128,AKALINUX
3129,AVIKAK
3130,CMCOSSE
3131,DUEBERB
3132,NORBU
3133,ABRAXXA
3134,LIGHTSEY
3135,CPANEL
3136,SIMEON
3137,JIRA
3138,FULLERMD
3139,TOMASZ
3140,HOBBESTIG
3141,DAROLD
3142,RTHOMPSON
3143,NOBODY
3144,CARWASH
3145,ARCANEZ
3146,COMPLX
3147,DOHERTY
3148,MMUELLER
3149,MANWAR
3150,MBAAS
3151,BENBOOTH
3152,DHOUSTON
3153,ANDOZER
3154,GOYALI
3155,OTTERLEY
3156,BFG
3157,TZADIKV
3158,SHIBAZAKI
3159,MOTIF
3160,PATBAKER
3161,EDF
3162,PBOYD
3163,CSCM
3164,TEMPIRE
3165,METADOO
3166,LIUER
3167,PHONYBONE
3168,ALYX
3169,AKS
3170,RATLIFFM
3171,DDB
3172,DERF
3173,KEEDI
3174,MOSHEN
3175,KIRILLM
3176,TMHARISH
3177,AJKALD
3178,SCLOUSE
3179,BKA
3180,RENTOCRON
3181,NOUDARD
3182,CARMARK
3183,DAV
3184,MUTANT
3185,DUTCHIE
3186,BUGONI
3187,DBOURGET
3188,JASONJAYR
3189,TSCHWAND
3190,TOCIYUKI
3191,LUKAST
3192,TRCJR
3193,DKOGAN
3194,ANTONFIN
3195,OKOPNIK
3196,NARBEY
3197,KAN
3198,NHORNE
3199,NANIS
3200,CAMERB
3201,KOHTS
3202,ELISHEVA
3203,STEFANT
3204,FRANKS
3205,KHW
3206,MNF
3207,SGMIANO
3208,MIRABELLA
3209,SELKOVJR
3210,NBEBOUT
3211,DFH
3212,AUSCHUTZ
3213,CHRWOLF
3214,MET
3215,AMD
3216,RIESM
3217,ZDK
3218,KARAVELOV
3219,RVA
3220,AJCT
3221,DHAVAL
3222,BLUHM
3223,ONLYJOB
3224,JONO
3225,EDENC
3226,DETI
3227,KEVINRICE
3228,SPARKY
3229,OSALAUN
3230,WUMPUS
3231,COUDOT
3232,REIVEUNE
3233,JBODNAR
3234,FORWARD
3235,MSHOYHER
3236,LSTEVENS
3237,ROZARY
3238,MDOWNING
3239,CXL
3240,JMOORE
3241,CDYBED
3242,DRYMAN
3243,SSINYAGIN
3244,BOMBARELY
3245,RHNELSON
3246,GMLEWIS
3247,MARKG
3248,MSTRAT
3249,SIDD
3250,MGH
3251,ALEXM
3252,NXADM
3253,JSTEBENS
3254,INFRARED
3255,DEPESZ
3256,MAIO
3257,DEEMON
3258,BCLAWSIE
3259,GARY
3260,CSEATON
3261,JFRIED
3262,ASPINELLI
3263,DAPATRICK
3264,XIAODIAN
3265,JCERVAN
3266,FIXLER
3267,BAERGAJ
3268,PHILIP
3269,WOLFSAGE
3270,DOUGLEITH
3271,SORTIZ
3272,ZENOG
3273,SKIM
3274,LENJAFFE
3275,MCB
3276,SEMENOVF
3277,CHETANG
3278,WIRELESSD
3279,FROLLER
3280,JBERGER
3281,KAL
3282,AWESTHOLM
3283,AURUM
3284,SEVEAS
3285,MSTPLBG
3286,PJOBSON
3287,UNDEF
3288,BLABOS
3289,SHARADA
3290,MARKW
3291,JTPALMER
3292,GGALLONE
3293,MOOCOW
3294,BOSTON
3295,MINIMAL
3296,MIKKOI
3297,TOKAREV
3298,PROFANTER
3299,JON
3300,MARROTTE
3301,UNLEARNED
3302,LYUMING
3303,SADI
3304,THEILING
3305,YUTA
3306,NANZOU
3307,YKO
3308,DAEMON
3309,MATHEW
3310,LROMAN
3311,MCAST
3312,MSHILTONJ
3313,CCCP
3314,LGEHLEN
3315,WROG
3316,LOTTZ
3317,JWANG
3318,JORDAN
3319,NAZRI
3320,EHASTINGS
3321,CRUSOE
3322,SDT
3323,PRAMAKERS
3324,MUGENKEN
3325,MEETTYA
3326,MICHIELB
3327,MNUNBERG
3328,BOWTIE
3329,ARJONES
3330,YAYOHEI
3331,TKR
3332,GREPBOY
3333,MHO
3334,FVOX
3335,BAREFOOT
3336,DBARTLE
3337,TULSOFT
3338,EDUARDOW
3339,XIONG
3340,GBUDD
3341,AANOAA
3342,JURUEN
3343,JOHNC
3344,NOTDOCTOR
3345,NHEINRIC
3346,RIOS
3347,ICLARK
3348,BKCHAPIN
3349,BERNARD
3350,IDO
3351,CLAIRVY
3352,LEEPEN
3353,PYH
3354,LEVIA
3355,USUALOMA
3356,HIDEAKIO
3357,JONATAYAH
3358,JWHEELER
3359,MATTP
3360,DONSHANK
3361,ESSELENS
3362,KARUPA
3363,BOBW
3364,LOGIE
3365,FOBES
3366,SEBNOW
3367,YHPENG
3368,NEBULOUS
3369,UGANSERT
3370,DKWILSON
3371,AAKD
3372,XYF
3373,DAVEWOOD
3374,TRON
3375,KROW
3376,BRTEAM
3377,WILLERT
3378,AIMBERT
3379,RAYMOR
3380,FIREDRAKE
3381,NITO
3382,AKHUETTEL
3383,RHOELZ
3384,BTIETZ
3385,YSIMONX
3386,KBA
3387,PRILUSKYJ
3388,IVSOKOLOV
3389,CLOOS
3390,RSHADOW
3391,DAVIDO
3392,AXANTHOS
3393,PERLOVER
3394,ETHER
3395,COMSKIL
3396,SAILTHRU
3397,ANDREFS
3398,DUKKIE
3399,ELBOW
3400,CELOGEEK
3401,YSASAKI
3402,BWARDEN
3403,KABANOID
3404,PHATWARES
3405,EIKEG
3406,HLUBENOW
3407,SANTEX
3408,SYAGI
3409,VOEGELAS
3410,TAKUJI
3411,MALLEN
3412,DLAMBLEY
3413,JTK
3414,CANID
3415,GNB
3416,CHIPSOID
3417,MGOULD
3418,RJLEE
3419,LOSYME
3420,ANAZAWA
3421,KRAMAN
3422,LEFORESJF
3423,KALEYCHEV
3424,ALPHAZULU
3425,ALEXBYK
3426,PGRASSIE
3427,CDFH
3428,RYANGIES
3429,ASTEI
3430,MOCK
3431,RSD
3432,ALGER
3433,XAOC
3434,BRIAND
3435,ANNELI
3436,FASTLY
3437,PORTON
3438,SHERWIN
3439,BORISD
3440,STEPHENCA
3441,MJBUDDEN
3442,RALPH
3443,RYANM
3444,PLAMBERT
3445,TRSKI
3446,ROBINBANK
3447,KYLE
3448,PERLISH
3449,KTAKATA
3450,BHILDRED
3451,ADAMBACK
3452,RJH
3453,ZIM
3454,MFU
3455,VEROLOM
3456,WNODOM
3457,RIGBYC
3458,MCHANG
3459,ANTRO
3460,DBMAKER
3461,DSOUFLIS
3462,MATSUMOTO
3463,CDONLEY
3464,NJENSEN
3465,BRUJAH
3466,DCARRIGAN
3467,LEITE
3468,JLBEC
3469,PHENSON
3470,GLOVER
3471,BPOWERS
3472,PSEIBEL
3473,AMOSS
3474,CADAVIS
3475,CLIFFORD
3476,PLIAM
3477,WITTROCK
3478,JABLKO
3479,BAK
3480,JAITKEN
3481,NIXUS
3482,SVINTO
3483,BLADE
3484,PIXIE
3485,PIN
3486,JJACK
3487,DMABE
3488,DWARREN
3489,MICHIEL
3490,JMASTROS
3491,DJZORT
3492,LUX
3493,MYKL
3494,JCNORTON
3495,NATELEWIS
3496,TJOHNSON
3497,EDWARDG
3498,DAXELROD
3499,CXREG
3500,IPPO
3501,WHYTEWOLF
3502,MARTINDT
3503,UNIXTOWN
3504,BQUINN
3505,TASMIN
3506,CGERNHAR
3507,SPIRITSKY
3508,TCHINCHOW
3509,SSCANLON
3510,SRUSHE
3511,MOTT
3512,SNEMAROV
3513,BRIANNG
3514,ANWILL
3515,RANDERSON
3516,JBRIGGS
3517,SLMATH
3518,LHOWARD
3519,JKISER
3520,ROOTLEVEL
3521,GGONTER
3522,DKUBB
3523,VADIM
3524,BWILLIAM
3525,KBARBER
3526,SMORTON
3527,CNLAVY
3528,PJONES
3529,MSPENCER
3530,MKUL
3531,RICHARDJ
3532,SBONDS
3533,JAMCC
3534,FABRVEC
3535,JOSTEN
3536,MFRANKL
3537,CBRINK
3538,BHM
3539,MAXM
3540,GDEY
3541,MARKWIN
3542,ASCHIG
3543,JSOVERSON
3544,PKALUSKI
3545,YOREEK
3546,MANFREDI
3547,SNCK
3548,JAMESP
3549,KITE
3550,CTRLSOFT
3551,PWALTON
3552,ITEAHAUS
3553,KRAGEN
3554,KUDARASP
3555,CUTTER
3556,DNARAYAN
3557,AHMAD
3558,BARRYPJ
3559,ADZZ
3560,EIM
3561,MHOOLEHAN
3562,AELFAKIH
3563,OKROEGER
3564,MEPHIST
3565,SQUIRREL
3566,TJHLADISH
3567,SONGMU
3568,REID
3569,VPLA
3570,AELAND
3571,AVUSEROW
3572,AQUILINA
3573,XINZHENG
3574,PAWELKROL
3575,WALSHTP
3576,DOUGWEBB
3577,ADAMC
3578,SDECASTE
3579,JWB
3580,VMOISEEV
3581,SNUMANO
3582,DUFF
3583,GREEN
3584,BREQUESEN
3585,SWESTRUP
3586,JOKERGOO
3587,KIWANAMI
3588,KSTEPME
3589,CWIMMER
3590,BRAINBUZ
3591,JRIDEOUT
3592,BORUP
3593,FVULTO
3594,STEVEB
3595,WILLEM
3596,ASDEEVA
3597,AGJ
3598,AJDIXON
3599,ITRUNAEV
3600,HSUREN
3601,TUCO
3602,FANSIPANS
3603,EFUNNEKO
3604,TENGU
3605,DMALONE
3606,DVWRIGHT
3607,PUERCOMAL
3608,JNH
3609,SYSMON
3610,LREEVES
3611,HERVE
3612,SOREAR
3613,PORTA
3614,JBARRATT
3615,AFERBER
3616,DRIEUX
3617,DFREEDMAN
3618,CBUREL
3619,BHARB
3620,BJEPS
3621,CFOUTS
3622,MOSHEGOOD
3623,HAOYAYOI
3624,HALLEY
3625,JASONPOPE
3626,DSTUART
3627,SYOHEX
3628,MRSCOTTY
3629,MILLAWAY
3630,SVENH
3631,MALLRED
3632,ARPI
3633,MOTEMEN
3634,LCARMICH
3635,JTBRAUN
3636,PUNYTAN
3637,KOLYA
3638,CMONSON
3639,MYFINDER
3640,MTURK
3641,IOANR
3642,LUCHA
3643,TDEITRICH
3644,KNI
3645,JCHIN
3646,SHUQUE
3647,MJH
3648,VMS
3649,MJW
3650,WINTER
3651,EDIPRETO
3652,MISC
3653,WAGNERCH
3654,DWILSON
3655,KOEN
3656,OGASAWARA
3657,JGIBSON
3658,ABREZINS
3659,THW
3660,BAS
3661,INITDOTD
3662,MAHLON
3663,SEBDIAZ
3664,DONGYI
3665,CEDWARDS
3666,JCARON
3667,AGIERTH
3668,IWIARDA
3669,ARAK
3670,PBOIN
3671,JOSEIBERT
3672,KMCGRAIL
3673,THECRAMPS
3674,MILAD
3675,CORDATA
3676,NURK
3677,CHRWIN
3678,SODASODA
3679,SHOORICK
3680,ALECH
3681,JCOP
3682,WHYNOT
3683,GRYPHON
3684,KJETIL
3685,MARTYKUBE
3686,ZERODOGG
3687,ADITYA
3688,SIRROBERT
3689,WIGGLY
3690,SNKWATT
3691,BARABAS
3692,XOR
3693,JABRA
3694,JAD
3695,PSPELTZ
3696,GMCHARLT
3697,MJG
3698,RECLAW
3699,MAMOD
3700,ADRIAN
3701,AESPEN
3702,FOOLISH
3703,QUELCOM
3704,KUNGFUFTR
3705,REICHERT
3706,SOMIAN
3707,TLOUSKY
3708,PENMA
3709,RJB
3710,FAYS
3711,PAULV
3712,BWATSON
3713,KHURT
3714,ACG
3715,CPKOIS
3716,LCOWLE
3717,COWFISH
3718,ANDALE
3719,JJORDAN
3720,MANNO
3721,TOLIKL
3722,BENHMM
3723,MALAY
3724,SHELLTUX
3725,HAMMOND
3726,MATJA
3727,HEIKOK
3728,CRUNCHIE
3729,SAMUEL
3730,FIGANIM
3731,SPDITNER
3732,KACCV
3733,SUNCPAN
3734,SCOTTZED
3735,MARTINK
3736,KOORCHIK
3737,FLOWERYSO
3738,ANDREWN
3739,WARMING
3740,DWP
3741,SILVIOQ
3742,HSLEE
3743,ITWARRIOR
3744,MASARTZ
3745,DERMOTH
3746,AWA
3747,KJELLM
3748,JTRAMMELL
3749,MBLYTHE
3750,MARKWHI
3751,UHANDA
3752,MASH
3753,LDIDRY
3754,MINDOS
3755,MEHNER
3756,ANDERS
3757,JANERT
3758,ZUMMO
3759,VOVKASM
3760,SEPP
3761,DZHARIY
3762,SWINED
3763,OHWOW
3764,DLUGOSZ
3765,PEARL
3766,BUTILW
3767,BILLW
3768,GARGAMEL
3769,ROMDAV
3770,DEIAN
3771,MATTD
3772,KOGA
3773,HOUSEL
3774,NIKOLAY
3775,TUSHAR
3776,MTL
3777,SCL
3778,CAVASQUEZ
3779,SRINIPERL
3780,MSCHARRER
3781,JMMILLS
3782,RUR
3783,ATODOROV
3784,KUBOTA
3785,LMEYER
3786,CMO
3787,PTS
3788,SMYLERS
3789,AFINDLAY
3790,GYPARK
3791,HCCHIEN
3792,ALGDR
3793,KOCEASY
3794,MRASH
3795,FANY
3796,CLBECKER
3797,BPMEDLEY
3798,DICHI
3799,BESSARABV
3800,CBERNING
3801,NEERAJPM
3802,JMFAYARD
3803,WHITNEY
3804,CAFFIEND
3805,PHOENIXL
3806,JETTRA
3807,BILLWALZ
3808,KYLED
3809,SLAFFAN
3810,CUBRID
3811,TRLORENZ
3812,APALADE
3813,WMCKEE
3814,NORDAAKER
3815,BAUERB
3816,SAMUELL
3817,CMCKAY
3818,PINKHASN
3819,CHRIS
3820,KCIVEY
3821,DDS
3822,PETEK
3823,KLOHNER
3824,SPALE
3825,DAGOBERT
3826,DMYTRO
3827,OXE
3828,VADIMT
3829,ACHEN
3830,VILJUN
3831,PEREZ
3832,GGOEBEL
3833,SYAMAL
3834,MMETTES
3835,SSOTKA
3836,ECASTILLA
3837,HOLT
3838,LUFI
3839,HVC
3840,WOLF
3841,ILJATABAC
3842,DEGE
3843,NATHANAEL
3844,COGENT
3845,BOEWE
3846,WITTEN
3847,THEPLER
3848,MRPALMER
3849,DADAMK
3850,SGP
3851,RELIANCE
3852,KARTHIKK
3853,NATE
3854,TMAEK
3855,ARLIN
3856,KHOERLING
3857,MIDH
3858,ERIKRAY
3859,SKUPSY
3860,YKOSTYLEV
3861,VSEGO
3862,HPYHACKER
3863,KENNEDYH
3864,TMONROE
3865,DBEN
3866,MARKBUSH
3867,PATRICK
3868,NEIKON
3869,CAUGUSTIN
3870,GSIMMONS
3871,OKAMUUU
3872,FROTZ
3873,HOREA
3874,KCOTT
3875,SOLVE
3876,JOHNSCA
3877,BBIMBER
3878,DGRIZZANT
3879,UWES
3880,THARSCH
3881,TGIMMEL
3882,NARAZAKA
3883,NEOPHENIX
3884,IKUTA
3885,UNCLEANDY
3886,ADEOLA
3887,TOMELIAZ
3888,BSM
3889,MARIAB
3890,WWOLF
3891,PMICHAUD
3892,EVI
3893,TOMHRR
3894,EUG
3895,MATTIE
3896,LAXEN
3897,DBUCHMAN
3898,KRAKEN
3899,SDAGUE
3900,LUPE
3901,ABCDEFGH
3902,LABZERONE
3903,KKRON
3904,BRADD
3905,AUGUSTO
3906,DJHD
3907,DSAMZA
3908,ANDYPUR
3909,CMYERS
3910,EAK
3911,AMNESIAC
3912,HOCHSTEN
3913,GLASSER
3914,CLOWN
3915,GARTH
3916,SHADINGER
3917,SARENNER
3918,MAXOU
3919,ALFW
3920,INVENTOR
3921,ASHGENE
3922,ALEXE
3923,RCSEEGE
3924,MARKIM
3925,ZTK
3926,SUMPFRALL
3927,TKP
3928,OLEGSHER
3929,CHI
3930,HAHAFAHA
3931,ROWAA
3932,HEUMANN
3933,AECOOPER
3934,JLAVOLD
3935,CATONE
3936,TDS
3937,BPORTER
3938,EZRA
3939,WREN
3940,SJBURGES
3941,MCHAPMAN
3942,KOTEROFF
3943,BMOYLES
3944,SPACEMAN
3945,TMERRITT
3946,WAGNER
3947,AKSTE
3948,YVESP
3949,EDMONSON
3950,WMARQ
3951,ANATRA
3952,JARIAALTO
3953,GTHYNI
3954,NPESKETT
3955,RVAZ
3956,TGUMMELS
3957,BHUGHES
3958,ARUN
3959,GRM
3960,SNEAK
3961,ZEYA
3962,SRVANCE
3963,MWARD
3964,PBWOLF
3965,KULCHENKO
3966,CRAMIREZ
3967,SPRAGST
3968,SNEEX
3969,ARDAN
3970,SRL
3971,JBLAKEY
3972,RJOOP
3973,CYBAEA
3974,MISCHKE
3975,FRETT
3976,OARCHER
3977,BKING
3978,VARUNK
3979,LOMBARDO
3980,SEGAN
3981,LENNERTO
3982,HOLLIFM
3983,CARTER
3984,LEMP
3985,PETERZEN
3986,BROCSEIB
3987,SKOLYCHEV
3988,ACHOUNG
3989,SETHJ
3990,FKUO
3991,HFB
3992,FLIPKIN
3993,DCARRAWAY
3994,JMORRIS
3995,KIRILL
3996,APILOS
3997,ADEO
3998,BJORNARDO
3999,LMOLNAR
4000,BARTLEY
4001,KENSHAN
4002,ARENSB
4003,BPAULSEN
4004,KLIMKIN
4005,NFMNUNES
4006,MMABRY
4007,MITEL
4008,AMGARLAND
4009,PANDICH
4010,CYING
4011,UNCLE
4012,PREFECT
4013,ORCLEV
4014,BANG
4015,KBRANDT
4016,JOHAYEK
4017,WORR
4018,JPR
4019,DUMB
4020,DAHILLMA
4021,SVIEBROCK
4022,DHARD
4023,SLOBIN
4024,PIROLIX
4025,BMAYNARD
4026,MFW
4027,MARIUZ
4028,AWOHLD
4029,SHABBLE
4030,MNCOPPOLA
4031,AYATES
4032,STKEVIN
4033,ALEXLOMAS
4034,DAVEGMX
4035,PCZERKAS
4036,VOVA
4037,CRABTREE
4038,KIMHAWTIN
4039,AMONTERO
4040,MIKEOB
4041,MCMIC
4042,ZETA
4043,XLAT
4044,KATE
4045,JEFFMOCK
4046,XIAOLAN
4047,YAK
4048,SIMATIKA
4049,VICTORI
4050,CCLOUTIER
4051,JCTEBBAL
4052,BILLN
4053,MINDHACK
4054,BJDEAN
4055,DOUMBZH
4056,ULIZAMA
4057,ALT
4058,HENRYYKT
4059,ASP
4060,LBR
4061,FRANCISCO
4062,JNK
4063,VIGITH
4064,AHARONI
4065,GCARLS
4066,HWEBER
4067,CMILLS
4068,BRENDAN
4069,IDEN
4070,STEVECOOK
4071,RAZZOR
4072,JSA
4073,MONTUORI
4074,RGEOFFREY
4075,WMSZELIGA
4076,MARCB
4077,DETZOLD
4078,JCARREIRA
4079,BJAKUBSKI
4080,BENC
4081,DUELAFN
4082,GAURAVKH
4083,PMORCH
4084,YUKIO
4085,KTDREYER
4086,JIMI
4087,JDAVIS
4088,CHOROBA
4089,ASPIDER
4090,KABLAMO
4091,SYXANASH
4092,ASIMON
4093,ACCA
4094,KIMAHL
4095,VETLER
4096,JDR
4097,NXONEP
4098,NICWOLFF
4099,CNRDEEIO
4100,BDARRAH
4101,BYTEROCK
4102,DDAY
4103,GRJONES
4104,HAGY
4105,JBAZIK
4106,PENGUIN
4107,EWATERS
4108,TREEKI
4109,MWITTE
4110,LFAGUNDES
4111,ARUTEIDO
4112,LCHAVEZ
4113,MOUNS
4114,BLGL
4115,ARNSHOLT
4116,ADONG
4117,ALUCAS
4118,BABF
4119,IDIVISION
4120,DKYGER
4121,ANDREWC
4122,WENZ
4123,TRWWW
4124,IGVA
4125,SHUCAO
4126,JCHASSLER
4127,TMAC
4128,VASILUS
4129,YEHEZKIEL
4130,RCROWDER
4131,TRIZOR
4132,BDGREGG
4133,BENH
4134,CHARDIN
4135,MELVIN
4136,KGOESS
4137,PVANDRY
4138,SWARHURST
4139,CCOLLINS
4140,RZILAVEC
4141,EBUSBOOM
4142,LSIM
4143,MINGZHANG
4144,ENDLER
4145,AMRUTA
4146,RJP
4147,JNAGRA
4148,PMC
4149,IVANWONG
4150,GDR
4151,WILL
4152,MGRUBB
4153,ALEXEYT
4154,PSCHNELL
4155,JCHEN
4156,MRJONES
4157,KWILMS
4158,KBROWN
4159,FEN
4160,GRAZZ
4161,TUCKERM
4162,KASTNER
4163,HRAFNKELL
4164,SINI
4165,STE
4166,SAM
4167,GUELICH
4168,JEFFW
4169,JORVIS
4170,CLEISHMAN
4171,SCHWENKE
4172,HERRERA
4173,ISABELLE
4174,BUZZ
4175,MAT
4176,PAULDOOM
4177,HAMPTON
4178,MPRESSLY
4179,AMURREN
4180,VICTOR
4181,DAVE
4182,GOEDICKE
4183,YOHAMED
4184,BCEVC
4185,GALAND
4186,SCOTTN
4187,MJEWELL
4188,MSANTINHO
4189,DJR
4190,TOJO
4191,BLABES
4192,JEREMY
4193,MIGO
4194,ROONEG
4195,PERSICOM
4196,XAVIER
4197,KERISMAN
4198,GARTHD
4199,SPESHAK
4200,BWKECK
4201,ALSCH
4202,SIMCOP
4203,SCANNELL
4204,WSCHL
4205,DMCC
4206,CLSCOTT
4207,KESINGER
4208,KAMENSKY
4209,GBACON
4210,GNAT
4211,JHINKLE
4212,CHOGAN
4213,MDIEP
4214,GRISKEY
4215,VASEK
4216,JMINIERI
4217,FRANC
4218,MIKEK
4219,MARAL
4220,JOEY
4221,NANDU
4222,JAIV
4223,INFERNALE
4224,JSM
4225,GISEBURT
4226,CHESSKIT
4227,DSTAHLKE
4228,PTHOMSEN
4229,KSCRIPT
4230,OPHIUCI
4231,OLPA
4232,MKODERER
4233,SCOLINET
4234,JWIEGLEY
4235,PMISON
4236,KPV
4237,PEDERST
4238,SKIPPY
4239,MONO
4240,LINDNER
4241,MMACHADO
4242,ROOT
4243,JONASO
4244,CONTEB
4245,ICONTACT
4246,DMPETIT
4247,JHUCKABY
4248,CCWF
4249,TWERNER
4250,KYOSHU
4251,TOONA
4252,DJK
4253,JTATUM
4254,DECAY
4255,JDUTTON
4256,NBAREIL
4257,STEVENH
4258,RMCKAY
4259,JKAST
4260,COLINO
4261,EMRYS
4262,ICHE
4263,MDARWIN
4264,AKOLB
4265,RANN
4266,SANDERSON
4267,SERGEYCHE
4268,PGMART
4269,DCFLECK
4270,JVBSOFT
4271,FMACHABEE
4272,DERHAAG
4273,TAMAKOTO
4274,TTAR
4275,JUGUANG
4276,ANIMATOR
4277,JWACH
4278,MJBRIGHT
4279,MSOUTH
4280,MILES
4281,PCAMPBELL
4282,TONKIN
4283,JURACH
4284,BUMBY
4285,ISAACSON
4286,LEEJA
4287,FXFX
4288,DACONTI
4289,KETHGEN
4290,BRADC
4291,KBURDIS
4292,ISTEEL
4293,POZNICK
4294,FRACOLO
4295,MAHATMA
4296,COPE
4297,OFER
4298,DSHULTZ
4299,KOTOTAMA
4300,BREEGSTER
4301,TIMPOTTER
4302,RBRASE
4303,PAUAMMA
4304,SAPAPO
4305,CPLEE
4306,MDEWJONES
4307,EFOLLEY
4308,SOLARANT
4309,AUKJAN
4310,BRG
4311,CRAIGK
4312,CHANG-LIU
4313,MSCHMITT
4314,KUUSE
4315,JJMB
4316,BCMB
4317,WHITCODE
4318,JAYBUFF
4319,HUCKE
4320,LOLO
4321,MDMS
4322,HUGUEI
4323,RSANDBERG
4324,SSKLAR
4325,RKILGORE
4326,BAUERM
4327,GERA
4328,RATCLIFFE
4329,HEDWIG
4330,EDLIU
4331,MAXIS
4332,JLHOLT
4333,SASYKES
4334,CODEREPOS
4335,BKENDI
4336,FAIZ
4337,EMILLER
4338,XPANEL
4339,JSET
4340,LIFO
4341,VMAN
4342,LUKHNOS
4343,PCOLLINS
4344,HLHAMILT
4345,MASSA
4346,STEVENC
4347,NOVIKOV
4348,CLEONTY
4349,KYPREOS
4350,AZUL
4351,STYPNOW
4352,GMCH
4353,GARDNER
4354,SKAMANSAM
4355,PSCHOO
4356,IGERLACH
4357,KYZ
4358,OVERMARS
4359,ROBMAN
4360,STEFAN
4361,XESTIA
4362,SHV
4363,GDM
4364,NSNAKE
4365,KILNA
4366,BDD
4367,ARSHAD
4368,EMORISSE
4369,RAZOR
4370,ARGRATH
4371,COWENS
4372,SADRAK
4373,DEEPFRYED
4374,EPIPE
4375,DPIROTTE
4376,OWL
4377,JAMESGOL
4378,ORIEN
4379,MADZ
4380,RJURNEY
4381,ANDREM
4382,THOLEN
4383,PLATO
4384,HZHOU
4385,ADOPTME
4386,SLEONOV
4387,KILORK
4388,ORLANDOV
4389,NPW
4390,PIRZYK
4391,ASPRILLIA
4392,CIA
4393,POLOCKY
4394,MEYERING
4395,MVOELKER
4396,OKKO
4397,GVENKAT
4398,SHADOVV
4399,ASB
4400,BOLAV
4401,SHIMI
4402,KNTONAS
4403,BRAD
4404,WOOSTER
4405,MGRIMM
4406,BITTER
4407,DANIELP
4408,MYSTERYTE
4409,DOSNIBBLE
4410,BSNOOP
4411,JOEATZ
4412,JPLATTER
4413,HKOBA
4414,TTG
4415,ZIBRI
4416,FSEITZ
4417,OISHI
4418,ICC
4419,MCAUDILL
4420,HITSU
4421,TIM
4422,SNOYBERG
4423,JFEARN
4424,SPRADEEP
4425,JWEBSTER
4426,STEPHANJ
4427,SLEDGE
4428,DAMEO
4429,GEOJS
4430,FREMAN
4431,TJYANG
4432,DMOR
4433,DCHESTER
4434,MARSA
4435,HEJKI
4436,ALEXD
4437,BYRON
4438,FMARIER
4439,MAXS
4440,SHGUN
4441,FLEITNER
4442,GUYDX
4443,FJH
4444,AMORETTE
4445,TERDOEST
4446,EDWARDSON
4447,SUGOIK
4448,PLISTER
4449,FRASE
4450,ANTHONY
4451,CHEAKO
4452,GABIRU
4453,HAKESTLER
4454,ABLAKELY
4455,DKRAUSE
4456,BUBAFLUB
4457,VADZ
4458,ZEROALTI
4459,SAYMEDIA
4460,KANISHKA
4461,MSMITH
4462,BSORAHAN
4463,KALGAN
4464,EXC
4465,ABCABC
4466,SLU
4467,BRAINTREE
4468,SARFY
4469,CONO
4470,TEX
4471,JBG
4472,GRAVATTJ
4473,ARMSTD
4474,BOGA
4475,DANAJ
4476,LINAS
4477,AVINASH
4478,IGORM
4479,PEK
4480,MURATAYA
4481,DAVIDEBE
4482,DRUXA
4483,SHOOTNIX
4484,JLLOYD
4485,MRUIZ
4486,HELENA
4487,MPOURASG
4488,MORNINDED
4489,CUBABIT
4490,TSKHO
4491,DAMO
4492,LLOYDG
4493,GSULLIVAN
4494,SHERWOOD
4495,ACAJOU
4496,BADGERSRC
4497,DBIALAC
4498,CJUAN
4499,DSOLIMANO
4500,ISAGE
4501,CRAMER
4502,YOWCOW
4503,XANNI
4504,ATOOMIC
4505,RVDP
4506,HOLLI
4507,KOVENSKY
4508,LANCET
4509,PAINA
4510,CKFULTON
4511,PSTADT
4512,ZABEL
4513,PLISCO
4514,BSHENRY
4515,THOMAS
4516,THAMUS
4517,JANNINO
4518,HAGANK
4519,GENIE
4520,AMEDINA
4521,MARKPRIOR
4522,JPC
4523,MKHRAPOV
4524,BIKER
4525,STEVIEO
4526,REFLOG
4527,RDO
4528,HATENA
4529,PERLPROXY
4530,JOOON
4531,MANJUNATH
4532,JUSTIN
4533,LAWGON
4534,JHERM
4535,ARCOLF
4536,ASTEWART
4537,SHOOP
4538,KLEINJ
4539,JMVILOMET
4540,MYNEID
4541,AKHOBOV
4542,MMBK
4543,SCHALLEE
4544,STHOMAS
4545,GBOSS
4546,CHATEAU
4547,DFROZ
4548,PTIMOF
4549,EARNESON
4550,DNEIL
4551,GORD
4552,XOMINA
4553,MARTIN
4554,HEIKOWU
4555,BMAVT
4556,BBQSAULS
4557,DJASMINE
4558,CYK
4559,BELCHAM
4560,DLANE
4561,SABREN
4562,MGAMMON
4563,SMERTEN
4564,HPOUL
4565,JAE
4566,OLDER
4567,KSTAR
4568,KITTY
4569,JESSICAQ
4570,STILLWELL
4571,JBM
4572,ILYALIT
4573,KHAREC
4574,CODYP
4575,JASHMENN
4576,SGODIN
4577,PTANDLER
4578,CRAIHA
4579,TCOX
4580,DCARDWELL
4581,CSELLEG
4582,DSPIZZ
4583,VOICET
4584,PSMIRNOV
4585,SACAVILIA
4586,RKACKLEY
4587,CHIGGINS
4588,AVP
4589,ODIGITY
4590,MPLATTU
4591,CRUX
4592,POPIEL
4593,MRDELAYER
4594,MPGUTTA
4595,ACRAWFORD
4596,PKAEDING
4597,KHUSSEIN
4598,IFOMICHEV
4599,HARTZELL
4600,XAV
4601,EDWARDIII
4602,IONCACHE
4603,RICK
4604,WAC
4605,WIML
4606,KLYNC
4607,REALHOLGI
4608,ARJEN
4609,GREB
4610,LWA
4611,PAIXAOP
4612,ANDREWIK
4613,SVOELKEL
4614,JASKA
4615,BRANSCHA
4616,DFRENCH
4617,DWC
4618,HOWARS
4619,DVSM
4620,MVR
4621,GOLD
4622,WYCHUNG
4623,BHOLSTEN
4624,ZABA
4625,GALILEO
4626,NIDS
4627,TECHCODE
4628,JWRIGHT
4629,JANPOM
4630,MFX
4631,JWIELAND
4632,MWILSON
4633,DSOBON
4634,JTGANS
4635,BCBAILEY
4636,SWANSUN
4637,SOLIVER
4638,RFAUST
4639,LIEUTAR
4640,OLOF
4641,KYOKI
4642,SHEENAMS
4643,LDAVIS
4644,BEVO
4645,MSOULIER
4646,JBSOLES
4647,TWESTWIND
4648,SSNODGRA
4649,MAMATUX
4650,DBROOKS
4651,NMARCI
4652,GARAFOLA
4653,MSABRAMO
4654,LINK
4655,KNASSAR
4656,BHERWEYER
4657,WOLLMERS
4658,EKKIP
4659,KARTHIKU
4660,IHAQUE
4661,SVERBERN
4662,CHARDEN
4663,IHARA
4664,KURIYAMA
4665,AIVATURI
4666,NEXEN
4667,PGUZIS
4668,RABUSPA
4669,GOEVERT
4670,LTHEGLER
4671,DCLEE
4672,CORWIN
4673,ILYAVERL
4674,MENGEL
4675,PHILOU
4676,MAGH
4677,DANMOORE
4678,ASTAINES
4679,PODGURSV
4680,JMFREEMAN
4681,SERGEY
4682,DALINAUM
4683,FIDUS
4684,JHAGG
4685,WHOELSE
4686,PAYERLE
4687,CBARKEY
4688,RPQS
4689,MWALLRAF
4690,PMAK
4691,PEIRY
4692,RSQUIERS
4693,MGILFIX
4694,KERMAGO
4695,WILLWOLF
4696,MARCC
4697,AMBRUS
4698,DRZIGMAN
4699,MARSCHAP
4700,ELLIRYC
4701,BRAAM
4702,TFM
4703,MYSOCIETY
4704,VASEKD
4705,SEESTIETO
4706,NLNETLABS
4707,IARNELL
4708,SHADOWX
4709,CARPENTER
4710,LENZO
4711,AGORDON
4712,TOMK
4713,PLYTLE
4714,TOMHUKINS
4715,GARIEV
4716,SALTBREEZ
4717,ZTURK
4718,RLBJR
4719,SKUNZ
4720,JCOSTOM
4721,ERICA
4722,BARTS
4723,JDALLMAN
4724,SHUTTON
4725,LWALL
4726,FMC
4727,PARKER
4728,CARLADLER
4729,KRISHPL
4730,RICHARDC
4731,KCWU
4732,ARCHFOOL
4733,HUGHES
4734,MARTINELL
4735,QANTINS
4736,NTSUTSUMI
4737,GWL
4738,MBATISTA
4739,PETERGAL
4740,ATTILA
4741,ABUI
4742,RGS
4743,KALLEWOOF
4744,JTCLARKE
4745,GEOKEVHAT
4746,WALTERH
4747,DFETTER
4748,CARCUS
4749,CORUSCATE
4750,CLEMENSG
4751,PAUL
4752,RED
4753,MOHACSI
4754,XCALBET
4755,MAFR
4756,BALESHI
4757,HBARTEL
4758,SHAUNGUTH
4759,DOWNHOM
4760,BASANTK
4761,TOPIA
4762,COREY
4763,EEKIM
4764,NETSRAK
4765,JWHITE
4766,PENFOLD
4767,MOLECULES
4768,EKOS
4769,MATTDEES
4770,LOTTC
4771,REMI
4772,YWANGPERL
4773,HODEL
4774,NHARALE
4775,GABY
4776,ALAMAZ
4777,GRAFF
4778,NICEPERL
4779,SUNILS
4780,LOGICUS
4781,CMOEWES
4782,DWMYERS
4783,BRICKER
4784,MMV
4785,MICHAELW
4786,RCHIBOIS
4787,MENGXR
4788,ALASKA
4789,JCOLE
4790,PBARLOW
4791,CGLASS
4792,TAMBASCOT
4793,GORAXE
4794,ERICW
4795,JADEV
4796,MRGRIPH
4797,MANGARU
4798,TAWAN
4799,GOOZBACH
4800,JLATHAN
4801,KNOTTY
4802,LEPREVOST
4803,COPPERLY
4804,ZEBAZ
4805,HIRATA
4806,KWATCH
4807,GIATORTA
4808,GPALMER
4809,BOFTX
4810,BTP
4811,DUNNIGANJ
4812,VILEDA
4813,GGOUDSMIT
4814,BWMCADAMS
4815,HEIKO
4816,CJS
4817,COSTELA
4818,YOSTY
4819,SJENKINS
4820,AMITSIDES
4821,SHUFF
4822,DEVEN
4823,DEMERY
4824,LOVELACE
4825,IDN
4826,JEFFY
4827,GRAVALO
4828,STIGTSP
4829,QMIC
4830,DIMARTINO
4831,TWRIGHT
4832,PARANOID
4833,ABURS
4834,NUF
4835,DEEPAKG
4836,MDUNHAM
4837,ESP
4838,KCODY
4839,DMANURA
4840,JGARVIN
4841,CZBSD
4842,ANIAS
4843,MJA
4844,SHTATLAND
4845,SHOLDEN
4846,RGIBSON
4847,RMURRI
4848,NSHAFER
4849,MPECK
4850,MAYGILL
4851,DONS
4852,PHOCUS
4853,DBALMER
4854,MBUSIK
4855,YORKWU
4856,PDW
4857,TAKASHI
4858,GRUDZIAR
4859,PKUBANEK
4860,PHILIPM
4861,XWOLF
4862,KARLON
4863,MULL
4864,ASHOOOO
4865,BILL
4866,ZELT
4867,BARNINGER
4868,ATRAK
4869,CARL
4870,TDL
4871,ISLUE
4872,LFINI
4873,RUDENKO
4874,RODIN
4875,JAMSHAID
4876,RANA
4877,PAJOUT
4878,LLT
4879,GREP
4880,WILLIS
4881,DJACOBS
4882,RKS
4883,PASKY
4884,SEGV
4885,RGRJR
4886,KRAL
4887,MSILVA
4888,DRULENSOT
4889,KUMA
4890,RAHUNT
4891,JWILLIAMS
4892,SOZIN
4893,LEIJON
4894,PMAGNUS
4895,TOY
4896,NICKOLA
4897,JMAHESH
4898,KIZ
4899,SJBAKER
4900,GAZERRO
4901,BRETT
4902,SMOLAREK
4903,JPRAVETZ
4904,NMARDEN
4905,MADLINUX
4906,MARIOF
4907,DENKINGER
4908,JSNBY
4909,JFURNESS
4910,DTHAY
4911,BJKUIT
4912,CYBERMATT
4913,GRB
4914,JCLYMAN
4915,PARCHER
4916,CGARCIA
4917,MRANDALL
4918,ITGURU
4919,PKUMAR
4920,GAGNONM
4921,UWEH
4922,JOHNWRDN
4923,ZGH
4924,BAT
4925,JSHY
4926,SASHA
4927,MTROWBRI
4928,JTILLMAN
4929,LTRIANT
4930,RADEJONG
4931,TAKESAKO
4932,DSTALDER
4933,KITDEKAT
4934,DEP
4935,SCHLUMPF
4936,BUU
4937,LOZIER
4938,YDNA
4939,MMARCO
4940,RECORDOND
4941,FORREST
4942,REUVEN
4943,ERIKH
4944,JBROWN
4945,ANBON
4946,DAWOOD
4947,ROTKRAUT
4948,VSPADER
4949,LIYANAGE
4950,HCAMP
4951,HOLGER
4952,MARKSMITH
4953,POSSUM
4954,SACHINJSK
4955,SKAUFMAN
4956,BGARBER
4957,CERATITES
4958,MFOLLETT
4959,DANDV
4960,WEHR
4961,KOBAYASHI
4962,ABURKE
4963,COSMIN
4964,VEEP
4965,TOBIAS
4966,ZEFONSECA
4967,BONAR
4968,MPRUNTY
4969,CHAOS
4970,JAUER
4971,JCUA
4972,MARTIRE
4973,ZERO
4974,MARSHALL
4975,KAMAL
4976,PFARR
4977,PKAROUKIN
4978,IMIOSGA
4979,APTITUZ
4980,ADITTES
4981,RAYNERLUC
4982,SHIGIO
4983,EWALKER
4984,STANM
4985,YENYA
4986,MTADEL
4987,WAYNEDAV
4988,MONSENHOR
4989,NANTO
4990,ASOKOLOV
4991,LOKKJU
4992,RGRAFF
4993,GCHILD
4994,HUXTONR
4995,FGOSLICH
4996,SHASSAN
4997,ESTRELOW
4998,JOENIO
4999,BARTL
5000,DAVVID
5001,PETERMCD
5002,ARNIE
5003,FOXCOOL
5004,KUMY
5005,SADAMS
5006,SEOVISUAL
5007,PBOETTCH
5008,CFORPC
5009,LEANDR
5010,ANALOG
5011,KGOLDOV
5012,SBALA
5013,CLB
5014,LACKITA
5015,FFAUTEUX
5016,JBNIVOIT
5017,RAMAN
5018,MAGNUS
5019,PFLEURY
5020,JEFFH
5021,KRISTI
5022,SCOTTVR
5023,RJENKS
5024,MORTY
5025,BALDR
5026,MARKD
5027,FKOLODNY
5028,TMAESAKA
5029,STANS
5030,VAGNERR
5031,LEXUS
5032,VKH
5033,YSYROTA
5034,MUNCHIE
5035,PING
5036,JEEK
5037,TERRY
5038,JEROENES
5039,MAIRE
5040,MALVARO
5041,CKONG
5042,TIMMY
5043,INFOFLEX
5044,ALLEN
5045,MERLIN
5046,BKUHN
5047,MACGYVER
5048,SWILLIAM
5049,KAELIN
5050,COMSULTIA
5051,TAFFY
5052,JOEYATES
5053,KRIPT
5054,WULEE
5055,FPREICH
5056,LOVEKY
5057,EWINDISCH
5058,EFANCHE
5059,BOBPP
5060,JOBERO
5061,DSADINOFF
5062,SASIKALA
5063,NEJIGANE
5064,ALDICKEY
5065,RIJA
5066,MAESTRO
5067,RUTSCHLE
5068,HAKOBE
5069,WILDCHILD
5070,RIFFER
5071,LUM
5072,KHS
5073,GILLMAUS
5074,KOYACHI
5075,DRPROLIX
5076,KAIW
5077,SRHOTON
5078,CINE
5079,SDP
5080,DMITRYSOL
5081,ELIJAH
5082,SARAVANAN
5083,DMAXWELL
5084,CHAOSLAW
5085,PDWARREN
5086,SMEISNER
5087,ROSSI
5088,DANIELR
5089,STUB
5090,KAGENEKO
5091,STEINSBO
5092,HANGIL
5093,CGANESAN
5094,KPETERS
5095,YALE
5096,PUCKERING
5097,SERG
5098,INTERGURU
5099,MXEY
5100,WSHELDAHL
5101,JENKINSON
5102,TGROSE
5103,DREADY
5104,KNAGANO
5105,MOOSA
5106,DEANF
5107,KISEKI
5108,KIXX
5109,KHEMICALS
5110,VAXMAN
5111,CHINTANA
5112,KOMORIYA
5113,SCHWA
5114,HARLINH
5115,CBOURNE
5116,JGUENTHER
5117,FRAMM
5118,SKINGTON
5119,PTILL
5120,JGBISHOP
5121,NJLEON
5122,OZAWA
5123,KENMACF
5124,SHRS
5125,LZAP
5126,MENGWONG
5127,CROMIS
5128,SROHIT
5129,BSTURNER
5130,SMARTWORK
5131,MTIRAMANI
5132,DIVERDI
5133,ZTANG
5134,MJFS
5135,HIMAZU
5136,EGYPTUS
5137,JWALGENB
5138,QIUHW
5139,NINUZZO
5140,AVITARNET
5141,TAKEO
5142,JONOZZZ
5143,LANGENJO
5144,MBRANDON
5145,CFALLEN
5146,ICRF
5147,JMAHAN
5148,BATZ
5149,BLUECURIO
5150,BGUARRACI
5151,CECALA
5152,AARONSCA
5153,FAIRLITE
5154,BOGDAN
5155,KORPIQ
5156,HBSLABS
5157,YUMATSUMO
5158,DUANEG
5159,DROOGIE
5160,YANOTHER
5161,RADKOV
5162,BSTILWELL
5163,HSW
5164,HEMLOCK
5165,DANHGN
5166,DANIELM
5167,ANDREPO
5168,ROBBAT
5169,ZJT
5170,JOEJIANG
5171,MGASEK
5172,SQUALL
5173,WEBY
5174,DKU
5175,CAMSTUART
5176,LIBVENUS
5177,FLAZAN
5178,MHAT
5179,ASVBR
5180,DHICKLING
5181,HDANIEL
5182,MARTINTO
5183,JEFPONOT
5184,JTAVERNI
5185,JOEPHAYES
5186,GGARAND
5187,CONOR
5188,MAHT
5189,CAILLTE
5190,HBENGEN
5191,MPOCOCK
5192,AJOHNSON
5193,IKETRIS
5194,JOEHIL
5195,PRATP
5196,DSCHAEFER
5197,CLANE
5198,GSAINIO
5199,DALLEN
5200,CALVINM
5201,GDAMORE
5202,TKREMER
5203,PHILIPA
5204,JHUDGE
5205,DMESSINA
5206,KYOMAIODP
5207,DEUSX
5208,ALKNAFF
5209,RBROOM
5210,IVOZ
5211,TODD
5212,FISCH
5213,LEIFHED
5214,PSANTORO
5215,JAMTUR
5216,ALTITUDE
5217,KAWABATA
5218,YUPUG
5219,CHRMASTO
5220,MLF
5221,INTWO
5222,WYLLIE
5223,ALEXEVIL
5224,RDP
5225,ACESTER
5226,BRUNODIAZ
5227,ZACS
5228,EVAN
5229,JTITUS
5230,TWID
5231,BKRON
5232,YXES
5233,MELLERY
5234,BARRYP
5235,WDOBLER
5236,STOVENOUR
5237,RCALEY
5238,DFRETT
5239,DADIS
5240,FAXIOMAN
5241,CONKLIN
5242,TRENDELS
5243,TEHSI
5244,RONGRW
5245,ANDOT
5246,SPIDERBOY
5247,JSONNENB
5248,MSTOCK
5249,HARPREET
5250,KOSCIELNY
5251,MSULLIVA
5252,GIGAGEEK
5253,DUFFEE
5254,MORRISNIH
5255,DHA
5256,ATG
5257,BUREADO
5258,CGAUTAM
5259,GLASSCOCK
5260,TSINGH
5261,BOLEK
5262,MARCOS
5263,SCATO
5264,AZEMGI
5265,WDH
5266,BASKAR
5267,LORY
5268,BHECKEL
5269,MIKERY
5270,DOS
5271,MEWILCOX
5272,MRMIKE
5273,KSCHEIBEL
5274,RHENSSEL
5275,NISHANT
5276,PACKI
5277,HUANGWEI
5278,RSZEMETI
5279,FVANDUN
5280,JACKSONM
5281,ITRIVIZKI
5282,GOLHARAM
5283,BAHUGHES
5284,KOSMO
5285,RMOSE
5286,FARBER
5287,CPJL
5288,ERICH
5289,RJOHNSON
5290,MUTOGUZ
5291,ANUNES
5292,RADOS
5293,JIMW
5294,MKAMM
5295,PEN
5296,SPROCTOR
5297,MIKESTOK
5298,PAULLAM
5299,NLIDZ
5300,ERANGEL
5301,TTOD
5302,IANPX
5303,GSPIVEY
5304,NOSEYNICK
5305,BFAGA
5306,NIRAVE
5307,JOAOP
5308,KWITTMER
5309,MWDHK
5310,SKATTOOR
5311,THPFFT
5312,SHMEM
5313,CORRIS
5314,NAOKIURAI
5315,BSCHMAL
5316,UNDERMINE
5317,TEDK
5318,MFULLER
5319,CMANTITO
5320,BWIZARD
5321,BDLILLEY
5322,JEFFO
5323,DCS
5324,DAMBAR
5325,KGREENE
5326,JAMESPO
5327,DENNISON
5328,FGA
5329,CALLAHAN
5330,NICZERO
5331,HOFFY
5332,ARMSTRONG
5333,DLO
5334,FIRMICUS
5335,JAKEGOLD
5336,HAWKMOON
5337,GCAMPBELL
5338,LESV
5339,TMA
5340,BHUVAN
5341,WIMDH
5342,RPETRE
5343,ILYAS
5344,DCARVELL
5345,KIMBREL
5346,BROERSE
5347,ISJOUNG
5348,MOSTAFAVI
5349,RAF
5350,JPFRICKER
5351,MBETHKE
5352,NANOBIT
5353,CGRADY
5354,BARTENDER
5355,AMARISAN
5356,LUTETIUS
5357,DNICHTER
5358,TOYVO
5359,YUKINOBU
5360,JLEV
5361,CBRADFORD
5362,WINGMAN
5363,PDR
5364,DAN
5365,CORYB
5366,OFFERK
5367,TALE
5368,AZJADFTRE
5369,PJACOBS
5370,DELANEY
5371,MBOECK
5372,MIMER
5373,HOMSHERD
5374,MONSIEUR
5375,MDUPONT
5376,ROBBE
5377,ZBYS
5378,RCREAGER
5379,LENDL
5380,RPLATEL
5381,JFLOURNOY
5382,EBOSRUP
5383,DSLEWART
5384,PGRIFFIN
5385,MWENDL
5386,BARNEY
5387,BOBERNST
5388,SJHAWTIN
5389,MSANTOS
5390,BBACKER
5391,DNORTH
5392,ANDYB
5393,JEFF
5394,JOCASA
5395,MJAEG
5396,DBRESH
5397,LUKE
5398,CWW
5399,DUZY
5400,GAURAV
5401,HEMBREED
5402,TRICKY
5403,THUNDERA
5404,RUSSELLP
5405,ERICM
5406,NCICB
5407,LEVENGLI
5408,SCHRIECK
5409,QOS
5410,LUCAS
5411,KDOULEPOV
5412,MFENTON
5413,SPJW
5414,CHURCH
5415,LAPIS
5416,JTURNER
5417,SSC
5418,GSEAMAN
5419,GWORROLL
5420,JPDURRIOS
5421,BCARROLL
5422,SAMLOWRIE
5423,JALOPEURA
5424,RPORRES
5425,BVIERRA
5426,JBOHM
5427,WMORGAN
5428,KAMIPO
5429,CAJ
5430,ATOM
5431,RECSKY
5432,ALIC
5433,RMGIROUX
5434,BENW
5435,RCHANDRAM
5436,ALEXX
5437,IBUDAI
5438,FOXEY
5439,RAFALUCAS
5440,TIMM
5441,BERA
5442,NABESHIMA
5443,CASTOR
5444,CYPLP
5445,PANOLEX
5446,DESIMINER
5447,CRI
5448,MLS
5449,VITOCO
5450,LENIK
5451,THAVELICK
5452,DAHUT
5453,PETERM
5454,AIDAN
5455,JONJAY
5456,JASONM
5457,DCRAWFORD
5458,WHIZDOG
5459,DGORLEY
5460,LIBERTY
5461,KARDEL
5462,SHUGHES
5463,BPANNIER
5464,PBAKER
5465,RAPTNOR
5466,ALANCITT
5467,MRA
5468,ALEXS
5469,MSARFY
5470,MRKAE
5471,MJHARR
5472,DEW
5473,HALPOM
5474,WALSHAM
5475,HVOERS
5476,LARSGT
5477,RFLORENCE
5478,FOOCHRE
5479,CHAS
5480,RFLENS
5481,DRFROG
5482,DESOTO
5483,QUEVLAR
5484,MAUNDER
5485,GAND
5486,IZI
5487,STEALTHY
5488,IANRODDIS
5489,THEREK
5490,WPDESIGN
5491,ZIEFLE
5492,BCH
5493,JLABOVITZ
5494,YHA
5495,RIPENCC
5496,HABEGGER
5497,SEAGIRL
5498,YOBERT
5499,DERMOT
5500,ROBERTSD
5501,ALET
5502,JAU
5503,HELO
5504,TORG
5505,BCROWELL
5506,HOLLYKING
5507,MDBGRIZ
5508,JOHNGH
5509,AMW
5510,NWRIGHT
5511,RANT
5512,TECH
5513,LLOYDR
5514,WBASSON
5515,AARDEN
5516,XFIRE
5517,HENRIK
5518,ORTALO
5519,MKENNEDY
5520,JOANMG
5521,MICHELEON
5522,RIBAMAR
5523,TAVIN
5524,ENGIN
5525,ZOZO
5526,DARIN
5527,CWRL
5528,SWORDSMAN
5529,PTULLY
5530,HENKE
5531,WKEENAN
5532,AQUTIV
5533,AJFRY
5534,JHKIM
5535,MVORL
5536,RIVOTTI
5537,USMANOV
5538,NUANCE
5539,GREGORY
5540,GARNACHO
5541,BJT
5542,DJH
5543,ZKESSIN
5544,ROUS
5545,DFRANKOW
5546,EDB
5547,RCH
5548,TIGERPERL
5549,TMANNERM
5550,ETWOECMA
5551,RAAB
5552,EZARKO
5553,ZAXO
5554,MAJA
5555,KWOOLERY
5556,LOOSIFER
5557,BIGHIL
5558,FAGZAL
5559,TSTOCK
5560,TBONECA
5561,VLAD
5562,JESSSSST
5563,MPAPP
5564,MDI
5565,IHEFFNER
5566,SHONORIO
5567,SCW
5568,JPJEON
5569,ETJ
5570,DAVIDCYL
5571,ATRIPPS
5572,KIANWIN
5573,PUCK
5574,CSIDE
5575,XUERON
5576,KOOS
5577,EDWARD
5578,ROBLEACH
5579,SLSTAT
5580,HENRIKS
5581,CWELCH
5582,WANG
5583,PUMBA
5584,MGREAM
5585,SUAVEANT
5586,NAKISA
5587,RHASE
5588,ONISHI
5589,FLECERF
5590,FINN
5591,DRAGOS
5592,BALDOWN
5593,DDEBRITO
5594,DBWELLS
5595,HJANSEN
5596,CLMS
5597,PITCHLESS
